readmission_reduction_id,provider_id,measure_name,number_of_discharges,footnote,excess_readmission_ratio,predicted_readmission_rate,expected_readmission_rate,number_of_readmissions,start_date,end_date
J1000,1014,READM-30-HF-HRRP,231,,1.0872,25.2,23.2,63,7/1/09,6/30/12
J10000,1019,READM-30-PN-HRRP,961,,0.9911,16.7,16.9,160,7/1/09,6/30/12
J10001,1021,READM-30-AMI-HRRP,521,,0.9695,16,16.5,82,7/1/09,6/30/12
J10002,3012,READM-30-HF-HRRP,994,,0.9985,23.4,23.5,233,7/1/09,6/30/12
J10003,3013,READM-30-PN-HRRP,321,,0.9607,17.5,18.2,54,7/1/09,6/30/12
J10004,3033,READM-30-AMI-HRRP,507,,1.1422,19.9,17.4,107,7/1/09,6/30/12
J10005,4009,READM-30-HF-HRRP,662,,0.9381,21.8,23.3,141,7/1/09,6/30/12
J10006,4010,READM-30-PN-HRRP,342,,1.0267,18.6,18.1,65,7/1/09,6/30/12
J10007,5025,READM-30-AMI-HRRP,154,,0.8834,17.4,19.7,21,7/1/09,6/30/12
J10008,5027,READM-30-HF-HRRP,396,,0.9243,21,22.8,79,7/1/09,6/30/12
J10009,5030,READM-30-PN-HRRP,182,,1.0333,18.2,17.6,35,7/1/09,6/30/12
J1001,5031,READM-30-PN-HRRP,251,,1.0365,18.3,17.7,48,7/1/09,6/30/12
J10010,5114,READM-30-AMI-HRRP,78,,0.9623,17.7,18.4,12,7/1/09,6/30/12
J10011,5127,READM-30-HF-HRRP,339,,0.9695,21.7,22.4,72,7/1/09,6/30/12
J10012,5128,READM-30-PN-HRRP,194,,1.0076,18.3,18.2,36,7/1/09,6/30/12
J10013,5130,READM-30-AMI-HRRP,290,,1.0785,21.5,19.9,66,7/1/09,6/30/12
J10014,6005,READM-30-HF-HRRP,560,,0.9417,21.8,23.2,119,7/1/09,6/30/12
J10015,6007,READM-30-PN-HRRP,280,,1.003,18.5,18.5,52,7/1/09,6/30/12
J10016,7003,READM-30-AMI-HRRP,269,,0.8726,15,17.2,34,7/1/09,6/30/12
J10017,8002,READM-30-HF-HRRP,657,,0.907,20.1,22.2,127,7/1/09,6/30/12
J10018,9002,READM-30-PN-HRRP,465,,0.9796,17.9,18.3,82,7/1/09,6/30/12
J10019,100001,READM-30-AMI-HRRP,39,,1.0206,23,22.5,0,7/1/09,6/30/12
J1002,100002,READM-30-AMI-HRRP,163,,0.8629,14.6,16.9,17,7/1/09,6/30/12
J10020,100006,READM-30-HF-HRRP,189,,1.2246,26.8,21.8,62,7/1/09,6/30/12
J10021,100007,READM-30-PN-HRRP,249,,1.1417,19.8,17.4,57,7/1/09,6/30/12
J10022,100008,READM-30-AMI-HRRP,46,,1.0091,20.8,20.6,0,7/1/09,6/30/12
J10023,100009,READM-30-HF-HRRP,266,,1.0573,24.8,23.4,69,7/1/09,6/30/12
J10024,10001,READM-30-PN-HRRP,148,,1.0164,17,16.7,26,7/1/09,6/30/12
J10025,100012,READM-30-AMI-HRRP,771,,1.1826,19.9,16.8,161,7/1/09,6/30/12
J10026,100014,READM-30-HF-HRRP,1497,,0.9561,20.9,21.8,310,7/1/09,6/30/12
J10027,100017,READM-30-PN-HRRP,807,,1.069,17.9,16.7,148,7/1/09,6/30/12
J10028,100018,READM-30-AMI-HRRP,488,,1.1131,19.4,17.5,100,7/1/09,6/30/12
J10029,100019,READM-30-HF-HRRP,1039,,1.0863,24.6,22.6,260,7/1/09,6/30/12
J1003,100022,READM-30-HF-HRRP,362,,0.9597,22.2,23.1,78,7/1/09,6/30/12
J10030,100023,READM-30-PN-HRRP,746,,1.0446,18,17.3,137,7/1/09,6/30/12
J10031,100025,READM-30-AMI-HRRP,57,,1.0032,17.3,17.2,0,7/1/09,6/30/12
J10032,100026,READM-30-HF-HRRP,307,,1.1175,25.6,22.9,85,7/1/09,6/30/12
J10033,100028,READM-30-HF-HRRP,173,,1.0786,24.2,22.4,46,7/1/09,6/30/12
J10034,100029,READM-30-PN-HRRP,208,,1.0016,17.3,17.2,36,7/1/09,6/30/12
J10035,100030,READM-30-AMI-HRRP,0,1,0,0,0,0,7/1/09,6/30/12
J10036,100032,READM-30-HF-HRRP,35,,0.9638,19.9,20.7,0,7/1/09,6/30/12
J10037,100034,READM-30-PN-HRRP,76,,0.9623,17.3,18,11,7/1/09,6/30/12
J10038,100035,READM-30-AMI-HRRP,0,1,0,0,0,0,7/1/09,6/30/12
J10039,100038,READM-30-HF-HRRP,163,,1.1327,24,21.2,46,7/1/09,6/30/12
J1004,100039,READM-30-PN-HRRP,460,,1.0187,18.2,17.9,85,7/1/09,6/30/12
J10040,100040,READM-30-PN-HRRP,232,,1.0872,17.4,16,45,7/1/09,6/30/12
J10041,100043,READM-30-AMI-HRRP,180,,0.9386,16.1,17.1,26,7/1/09,6/30/12
J10042,100044,READM-30-HF-HRRP,422,,1.0642,26.2,24.6,114,7/1/09,6/30/12
J10043,100045,READM-30-PN-HRRP,368,,0.9958,18.8,18.9,69,7/1/09,6/30/12
J10044,100046,READM-30-AMI-HRRP,0,1,0,0,0,0,7/1/09,6/30/12
J10045,100047,READM-30-HF-HRRP,131,,0.9924,21.7,21.9,28,7/1/09,6/30/12
J10046,100048,READM-30-PN-HRRP,112,,0.9956,16.3,16.4,18,7/1/09,6/30/12
J10047,100049,READM-30-AMI-HRRP,0,1,0,0,0,0,7/1/09,6/30/12
J10048,10005,READM-30-HF-HRRP,149,,0.8899,18.9,21.3,22,7/1/09,6/30/12
J10049,100050,READM-30-PN-HRRP,193,,0.9653,15.5,16.1,28,7/1/09,6/30/12
J1005,100051,READM-30-AMI-HRRP,513,,1.0448,18.1,17.3,95,7/1/09,6/30/12
J10050,100052,READM-30-AMI-HRRP,0,7,0,0,0,0,7/1/09,6/30/12
J10051,100053,READM-30-HF-HRRP,0,7,0,0,0,0,7/1/09,6/30/12
J10052,100054,READM-30-PN-HRRP,0,7,0,0,0,0,7/1/09,6/30/12
J10053,100055,READM-30-AMI-HRRP,209,,0.9399,19.6,20.9,38,7/1/09,6/30/12
J10054,100057,READM-30-HF-HRRP,510,,0.9096,22.2,24.4,108,7/1/09,6/30/12
J10055,10006,READM-30-PN-HRRP,411,,1.0174,19.5,19.1,81,7/1/09,6/30/12
J10056,100062,READM-30-AMI-HRRP,374,,0.8877,14.8,16.7,50,7/1/09,6/30/12
J10057,100063,READM-30-HF-HRRP,949,,0.9367,21,22.5,196,7/1/09,6/30/12
J10058,100067,READM-30-PN-HRRP,518,,0.9528,16.5,17.4,83,7/1/09,6/30/12
J10059,100068,READM-30-AMI-HRRP,0,7,0,0,0,0,7/1/09,6/30/12
J1006,100069,READM-30-HF-HRRP,825,,0.858,19.2,22.4,150,7/1/09,6/30/12
J10060,10007,READM-30-HF-HRRP,0,1,0,0,0,0,7/1/09,6/30/12
J10061,100070,READM-30-PN-HRRP,0,7,0,0,0,0,7/1/09,6/30/12
J10062,100071,READM-30-AMI-HRRP,30,,1.0526,18.7,17.8,0,7/1/09,6/30/12
J10063,100072,READM-30-HF-HRRP,243,,1.1089,23.6,21.3,63,7/1/09,6/30/12
J10064,100073,READM-30-PN-HRRP,205,,0.9954,16.2,16.3,33,7/1/09,6/30/12
J10065,100075,READM-30-AMI-HRRP,0,1,0,0,0,0,7/1/09,6/30/12
J10066,100076,READM-30-HF-HRRP,70,,0.9883,20.9,21.1,14,7/1/09,6/30/12
J10067,100077,READM-30-PN-HRRP,120,,1.0012,15.8,15.8,19,7/1/09,6/30/12
J10068,100079,READM-30-AMI-HRRP,0,1,0,0,0,0,7/1/09,6/30/12
J10069,10008,READM-30-HF-HRRP,82,,1.0731,24.5,22.8,24,7/1/09,6/30/12
J1007,100080,READM-30-PN-HRRP,620,,0.8974,15.2,16.9,88,7/1/09,6/30/12
J10070,100081,READM-30-PN-HRRP,102,,0.9466,15.7,16.6,13,7/1/09,6/30/12
J10071,100084,READM-30-AMI-HRRP,306,,1.172,19.1,16.3,66,7/1/09,6/30/12
J10072,100086,READM-30-HF-HRRP,858,,1.0285,22,21.4,190,7/1/09,6/30/12
J10073,100087,READM-30-PN-HRRP,693,,0.8985,14.3,15.9,93,7/1/09,6/30/12
J10074,100088,READM-30-AMI-HRRP,72,,0.9579,21.1,22,13,7/1/09,6/30/12
J10075,100090,READM-30-HF-HRRP,168,,0.9028,22.5,24.9,32,7/1/09,6/30/12
J10076,100092,READM-30-PN-HRRP,140,,1.0352,19.3,18.6,29,7/1/09,6/30/12
J10077,100093,READM-30-AMI-HRRP,232,,1.007,18,17.8,42,7/1/09,6/30/12
J10078,100099,READM-30-HF-HRRP,516,,0.8957,20,22.3,97,7/1/09,6/30/12
J10079,10009,READM-30-PN-HRRP,510,,0.9419,17.1,18.2,84,7/1/09,6/30/12
J1008,100102,READM-30-AMI-HRRP,47,,0.9874,16.1,16.3,0,7/1/09,6/30/12
J10080,100105,READM-30-AMI-HRRP,0,1,0,0,0,0,7/1/09,6/30/12
J10081,100106,READM-30-HF-HRRP,150,,1.2587,27.9,22.2,55,7/1/09,6/30/12
J10082,100107,READM-30-PN-HRRP,111,,1.0923,19.8,18.1,27,7/1/09,6/30/12
J10083,100109,READM-30-AMI-HRRP,113,,0.9747,16.1,16.5,17,7/1/09,6/30/12
J10084,10011,READM-30-HF-HRRP,261,,0.9263,20.8,22.4,50,7/1/09,6/30/12
J10085,100110,READM-30-PN-HRRP,223,,0.9859,17.9,18.1,39,7/1/09,6/30/12
J10086,100113,READM-30-AMI-HRRP,0,1,0,0,0,0,7/1/09,6/30/12
J10087,100117,READM-30-HF-HRRP,0,1,0,0,0,0,7/1/09,6/30/12
J10088,100118,READM-30-PN-HRRP,0,1,0,0,0,0,7/1/09,6/30/12
J10089,10012,READM-30-AMI-HRRP,0,1,0,0,0,0,7/1/09,6/30/12
J1009,100121,READM-30-HF-HRRP,84,,0.915,18.6,20.4,11,7/1/09,6/30/12
J10090,100122,READM-30-HF-HRRP,65,,0.9485,21.3,22.5,11,7/1/09,6/30/12
J10091,100124,READM-30-PN-HRRP,50,,0.9543,15.1,15.8,0,7/1/09,6/30/12
J10092,100125,READM-30-AMI-HRRP,0,1,0,0,0,0,7/1/09,6/30/12
J10093,100126,READM-30-HF-HRRP,77,,1.1117,22.4,20.2,23,7/1/09,6/30/12
J10094,100127,READM-30-PN-HRRP,193,,0.9219,14.2,15.4,23,7/1/09,6/30/12
J10095,100128,READM-30-AMI-HRRP,0,1,0,0,0,0,7/1/09,6/30/12
J10096,100130,READM-30-HF-HRRP,59,,0.9864,21.6,21.9,12,7/1/09,6/30/12
J10097,100131,READM-30-PN-HRRP,78,,0.9446,15.5,16.4,0,7/1/09,6/30/12
J10098,100132,READM-30-AMI-HRRP,89,,0.9387,15.6,16.6,11,7/1/09,6/30/12
J10099,100134,READM-30-HF-HRRP,342,,1.0113,22.6,22.4,78,7/1/09,6/30/12
J1010,100135,READM-30-PN-HRRP,157,,0.9319,14.5,15.6,19,7/1/09,6/30/12
J10100,100137,READM-30-PN-HRRP,362,,1.1213,18.9,16.9,75,7/1/09,6/30/12
J10101,100140,READM-30-AMI-HRRP,88,,0.949,15.2,16,11,7/1/09,6/30/12
J10102,100142,READM-30-HF-HRRP,330,,0.9531,22.6,23.7,72,7/1/09,6/30/12
J10103,100150,READM-30-PN-HRRP,230,,1.002,17.8,17.7,41,7/1/09,6/30/12
J10104,100151,READM-30-AMI-HRRP,103,,0.9953,16.7,16.8,17,7/1/09,6/30/12
J10105,100154,READM-30-HF-HRRP,212,,0.9736,23.4,24,48,7/1/09,6/30/12
J10106,100156,READM-30-PN-HRRP,187,,0.9835,18.2,18.5,33,7/1/09,6/30/12
J10107,100157,READM-30-AMI-HRRP,0,1,0,0,0,0,7/1/09,6/30/12
J10108,10016,READM-30-HF-HRRP,64,,0.9219,19.2,20.9,0,7/1/09,6/30/12
J10109,100161,READM-30-PN-HRRP,178,,1.1318,18,15.9,39,7/1/09,6/30/12
J1011,100166,READM-30-AMI-HRRP,245,,1.1124,19.6,17.6,53,7/1/09,6/30/12
J10110,100167,READM-30-AMI-HRRP,180,,1.0867,16.2,15,33,7/1/09,6/30/12
J10111,100168,READM-30-HF-HRRP,259,,0.7956,17,21.4,32,7/1/09,6/30/12
J10112,100173,READM-30-PN-HRRP,289,,0.9537,16.5,17.3,45,7/1/09,6/30/12
J10113,100175,READM-30-AMI-HRRP,136,,1.0497,17.5,16.6,26,7/1/09,6/30/12
J10114,100176,READM-30-HF-HRRP,381,,0.9098,20.8,22.8,74,7/1/09,6/30/12
J10115,100177,READM-30-PN-HRRP,412,,0.9797,16.3,16.6,66,7/1/09,6/30/12
J10116,100179,READM-30-AMI-HRRP,0,1,0,0,0,0,7/1/09,6/30/12
J10117,10018,READM-30-HF-HRRP,107,,1.1096,24.5,22.1,32,7/1/09,6/30/12
J10118,100180,READM-30-PN-HRRP,139,,1.0765,17.2,16,28,7/1/09,6/30/12
J10119,100181,READM-30-AMI-HRRP,381,,1.0487,17.5,16.7,69,7/1/09,6/30/12
J1012,100183,READM-30-HF-HRRP,323,,1.0565,24.1,22.8,81,7/1/09,6/30/12
J10120,100187,READM-30-HF-HRRP,454,,0.8649,18.4,21.3,76,7/1/09,6/30/12
J10121,100189,READM-30-PN-HRRP,466,,0.8764,14.4,16.5,60,7/1/09,6/30/12
J10122,10019,READM-30-AMI-HRRP,0,1,0,0,0,0,7/1/09,6/30/12
J10123,100191,READM-30-HF-HRRP,89,,0.9231,21.8,23.6,15,7/1/09,6/30/12
J10124,100200,READM-30-PN-HRRP,214,,0.8843,15.8,17.9,27,7/1/09,6/30/12
J10125,100204,READM-30-AMI-HRRP,0,1,0,0,0,0,7/1/09,6/30/12
J10126,100206,READM-30-HF-HRRP,0,1,0,0,0,0,7/1/09,6/30/12
J10127,100209,READM-30-PN-HRRP,26,,0.9886,13.9,14,0,7/1/09,6/30/12
J10128,10021,READM-30-AMI-HRRP,0,1,0,0,0,0,7/1/09,6/30/12
J10129,100211,READM-30-HF-HRRP,221,,1.0822,22.9,21.2,55,7/1/09,6/30/12
J1013,100212,READM-30-PN-HRRP,326,,0.9803,16.9,17.2,54,7/1/09,6/30/12
J10130,100213,READM-30-PN-HRRP,141,,1.0959,17.7,16.1,30,7/1/09,6/30/12
J10131,100217,READM-30-AMI-HRRP,0,1,0,0,0,0,7/1/09,6/30/12
J10132,10022,READM-30-HF-HRRP,40,,0.9716,21.4,22.1,0,7/1/09,6/30/12
J10133,100220,READM-30-PN-HRRP,65,,0.9141,15.2,16.7,0,7/1/09,6/30/12
J10134,100223,READM-30-AMI-HRRP,0,1,0,0,0,0,7/1/09,6/30/12
J10135,100224,READM-30-HF-HRRP,45,,0.9538,23.7,24.8,0,7/1/09,6/30/12
J10136,100226,READM-30-PN-HRRP,128,,1.0291,19,18.5,26,7/1/09,6/30/12
J10137,100228,READM-30-AMI-HRRP,0,1,0,0,0,0,7/1/09,6/30/12
J10138,10023,READM-30-HF-HRRP,183,,0.9619,21.9,22.8,38,7/1/09,6/30/12
J10139,100230,READM-30-PN-HRRP,378,,0.9327,16.4,17.6,58,7/1/09,6/30/12
J1014,100231,READM-30-AMI-HRRP,188,,1.0519,16.3,15.5,33,7/1/09,6/30/12
J10140,100232,READM-30-AMI-HRRP,0,1,0,0,0,0,7/1/09,6/30/12
J10141,100234,READM-30-HF-HRRP,131,,0.9167,21.2,23.1,23,7/1/09,6/30/12
J10142,100236,READM-30-PN-HRRP,122,,0.9125,15.7,17.2,14,7/1/09,6/30/12
J10143,100238,READM-30-AMI-HRRP,48,,1.0096,13.7,13.6,0,7/1/09,6/30/12
J10144,100239,READM-30-HF-HRRP,153,,0.9428,19.7,20.9,27,7/1/09,6/30/12
J10145,10024,READM-30-PN-HRRP,156,,0.8714,13.8,15.8,14,7/1/09,6/30/12
J10146,100240,READM-30-AMI-HRRP,28,,1.0244,24.2,23.6,0,7/1/09,6/30/12
J10147,100242,READM-30-HF-HRRP,167,,1.0679,23,21.5,42,7/1/09,6/30/12
J10148,100243,READM-30-PN-HRRP,217,,0.9718,17.3,17.8,36,7/1/09,6/30/12
J10149,100244,READM-30-AMI-HRRP,33,,0.9227,17.4,18.9,0,7/1/09,6/30/12
J1015,100246,READM-30-HF-HRRP,400,,1.0863,23.1,21.3,97,7/1/09,6/30/12
J10150,100248,READM-30-HF-HRRP,159,,0.9001,18.6,20.7,24,7/1/09,6/30/12
J10151,100249,READM-30-PN-HRRP,280,,0.8887,13.3,15,31,7/1/09,6/30/12
J10152,10025,READM-30-AMI-HRRP,0,1,0,0,0,0,7/1/09,6/30/12
J10153,100252,READM-30-HF-HRRP,93,,0.8802,19.1,21.8,11,7/1/09,6/30/12
J10154,100253,READM-30-PN-HRRP,89,,0.9263,13.6,14.7,0,7/1/09,6/30/12
J10155,100254,READM-30-AMI-HRRP,306,,0.8409,14.3,17.1,36,7/1/09,6/30/12
J10156,100255,READM-30-HF-HRRP,774,,0.847,18.5,21.8,134,7/1/09,6/30/12
J10157,100256,READM-30-PN-HRRP,534,,0.8215,14.2,17.3,65,7/1/09,6/30/12
J10158,100258,READM-30-AMI-HRRP,465,,0.9703,18.6,19.2,85,7/1/09,6/30/12
J10159,100259,READM-30-HF-HRRP,902,,0.9953,24,24.1,216,7/1/09,6/30/12
J1016,100260,READM-30-PN-HRRP,346,,1.0966,18.4,16.8,69,7/1/09,6/30/12
J10160,100264,READM-30-PN-HRRP,658,,1.0107,18.6,18.4,123,7/1/09,6/30/12
J10161,100265,READM-30-AMI-HRRP,0,1,0,0,0,0,7/1/09,6/30/12
J10162,100266,READM-30-HF-HRRP,84,,1.0666,22,20.6,22,7/1/09,6/30/12
J10163,100267,READM-30-PN-HRRP,109,,1.1787,19,16.1,30,7/1/09,6/30/12
J10164,100268,READM-30-AMI-HRRP,245,,0.9729,16,16.5,38,7/1/09,6/30/12
J10165,100269,READM-30-HF-HRRP,352,,1.0514,25,23.8,91,7/1/09,6/30/12
J10166,100271,READM-30-PN-HRRP,489,,1.0344,19.4,18.8,97,7/1/09,6/30/12
J10167,100275,READM-30-AMI-HRRP,244,,0.9798,19.7,20.1,47,7/1/09,6/30/12
J10168,100276,READM-30-HF-HRRP,527,,0.9443,22.2,23.5,114,7/1/09,6/30/12
J10169,100277,READM-30-PN-HRRP,313,,0.9215,16.5,17.9,47,7/1/09,6/30/12
J1017,100281,READM-30-AMI-HRRP,0,1,0,0,0,0,7/1/09,6/30/12
J10170,100284,READM-30-AMI-HRRP,180,,1.0414,17.8,17.1,34,7/1/09,6/30/12
J10171,100285,READM-30-HF-HRRP,483,,1.0148,23,22.7,112,7/1/09,6/30/12
J10172,100286,READM-30-PN-HRRP,436,,0.9276,15.9,17.1,65,7/1/09,6/30/12
J10173,100287,READM-30-AMI-HRRP,0,1,0,0,0,0,7/1/09,6/30/12
J10174,100288,READM-30-HF-HRRP,60,,0.9389,18.8,20.1,0,7/1/09,6/30/12
J10175,100289,READM-30-PN-HRRP,139,,0.9051,14.7,16.3,15,7/1/09,6/30/12
J10176,10029,READM-30-AMI-HRRP,42,,0.9636,15.9,16.5,0,7/1/09,6/30/12
J10177,100290,READM-30-HF-HRRP,379,,1.0937,24,22,96,7/1/09,6/30/12
J10178,100291,READM-30-PN-HRRP,200,,0.9882,17.3,17.5,34,7/1/09,6/30/12
J10179,100292,READM-30-AMI-HRRP,91,,0.9449,17.3,18.3,13,7/1/09,6/30/12
J1018,100296,READM-30-HF-HRRP,53,,0.9923,19.6,19.8,0,7/1/09,6/30/12
J10180,100299,READM-30-HF-HRRP,274,,0.9241,22,23.9,56,7/1/09,6/30/12
J10181,100302,READM-30-PN-HRRP,189,,0.9967,18.1,18.1,34,7/1/09,6/30/12
J10182,100307,READM-30-AMI-HRRP,154,,1.0093,17.3,17.1,27,7/1/09,6/30/12
J10183,100313,READM-30-HF-HRRP,546,,0.9328,22.1,23.7,117,7/1/09,6/30/12
J10184,100314,READM-30-PN-HRRP,338,,1.0313,18.7,18.1,65,7/1/09,6/30/12
J10185,100315,READM-30-AMI-HRRP,136,,1.0249,16.8,16.4,24,7/1/09,6/30/12
J10186,100316,READM-30-HF-HRRP,379,,1.1234,26.5,23.6,107,7/1/09,6/30/12
J10187,100319,READM-30-PN-HRRP,310,,1.0067,17.6,17.5,55,7/1/09,6/30/12
J10188,10032,READM-30-AMI-HRRP,29,,1.0079,19.4,19.2,0,7/1/09,6/30/12
J10189,10033,READM-30-HF-HRRP,156,,1.0932,23.8,21.7,42,7/1/09,6/30/12
J1019,10034,READM-30-PN-HRRP,169,,1,14.8,14.8,25,7/1/09,6/30/12
J10190,10035,READM-30-PN-HRRP,154,,0.9969,16.3,16.4,25,7/1/09,6/30/12
J10191,10036,READM-30-AMI-HRRP,55,,0.984,23.3,23.7,12,7/1/09,6/30/12
J10192,10038,READM-30-HF-HRRP,104,,1.0601,27.5,25.9,32,7/1/09,6/30/12
J10193,10039,READM-30-PN-HRRP,358,,1.084,19.9,18.4,76,7/1/09,6/30/12
J10194,10040,READM-30-AMI-HRRP,70,,1.0119,16.4,16.2,12,7/1/09,6/30/12
J10195,10044,READM-30-HF-HRRP,209,,1.1082,23.2,20.9,54,7/1/09,6/30/12
J10196,10045,READM-30-PN-HRRP,211,,0.9865,15.5,15.7,32,7/1/09,6/30/12
J10197,10046,READM-30-AMI-HRRP,0,1,0,0,0,0,7/1/09,6/30/12
J10198,10047,READM-30-HF-HRRP,89,,0.9881,20.9,21.2,18,7/1/09,6/30/12
J10199,10049,READM-30-PN-HRRP,95,,0.958,17.3,18,14,7/1/09,6/30/12
J1020,10051,READM-30-AMI-HRRP,226,,0.9837,16.3,16.5,36,7/1/09,6/30/12
J10200,10052,READM-30-AMI-HRRP,47,,0.9256,21,22.7,0,7/1/09,6/30/12
J10201,10054,READM-30-HF-HRRP,184,,0.9019,21,23.3,33,7/1/09,6/30/12
J10202,10055,READM-30-PN-HRRP,104,,0.9631,18.4,19.1,17,7/1/09,6/30/12
J10203,10056,READM-30-AMI-HRRP,104,,0.9447,15,15.8,13,7/1/09,6/30/12
J10204,10057,READM-30-HF-HRRP,186,,1.1045,22.4,20.3,47,7/1/09,6/30/12
J10205,10058,READM-30-PN-HRRP,143,,0.8923,14.1,15.8,14,7/1/09,6/30/12
J10206,10059,READM-30-AMI-HRRP,149,,0.9321,17.7,19,23,7/1/09,6/30/12
J10207,10061,READM-30-HF-HRRP,319,,1.1501,28.5,24.7,99,7/1/09,6/30/12
J10208,10062,READM-30-PN-HRRP,360,,0.9385,18.2,19.4,62,7/1/09,6/30/12
J10209,10063,READM-30-AMI-HRRP,141,,0.9067,16,17.6,18,7/1/09,6/30/12
J1021,10064,READM-30-HF-HRRP,324,,0.9553,19.9,20.8,62,7/1/09,6/30/12
J10210,10065,READM-30-HF-HRRP,423,,0.9055,19.9,22,79,7/1/09,6/30/12
J10211,10065,READM-30-PN-HRRP,381,,0.9948,17.1,17.2,65,7/1/09,6/30/12
J10212,10066,READM-30-AMI-HRRP,48,,1.1553,22.7,19.7,18,7/1/09,6/30/12
J10213,10069,READM-30-HF-HRRP,236,,1.1446,26,22.7,69,7/1/09,6/30/12
J10214,10073,READM-30-PN-HRRP,189,,1.0721,20.1,18.7,42,7/1/09,6/30/12
J10215,10078,READM-30-AMI-HRRP,155,,0.9664,18.5,19.1,27,7/1/09,6/30/12
J10216,10079,READM-30-HF-HRRP,516,,0.8915,22.2,24.9,108,7/1/09,6/30/12
J10217,10083,READM-30-PN-HRRP,571,,0.8666,17,19.6,89,7/1/09,6/30/12
J10218,10085,READM-30-AMI-HRRP,351,,1.0298,18.4,17.9,66,7/1/09,6/30/12
J10219,10086,READM-30-HF-HRRP,488,,0.9471,23.4,24.7,111,7/1/09,6/30/12
J1022,10087,READM-30-PN-HRRP,251,,0.9739,15.3,15.7,37,7/1/09,6/30/12
J10220,10089,READM-30-PN-HRRP,263,,1.025,20,19.5,54,7/1/09,6/30/12
J10221,10090,READM-30-AMI-HRRP,0,7,0,0,0,0,7/1/09,6/30/12
J10222,10091,READM-30-HF-HRRP,0,7,0,0,0,0,7/1/09,6/30/12
J10223,10092,READM-30-PN-HRRP,0,7,0,0,0,0,7/1/09,6/30/12
J10224,10095,READM-30-AMI-HRRP,170,,1.0724,19.2,17.9,36,7/1/09,6/30/12
J10225,10097,READM-30-HF-HRRP,375,,1.0219,24.5,23.9,93,7/1/09,6/30/12
J10226,10099,READM-30-PN-HRRP,268,,1.0243,18.9,18.4,52,7/1/09,6/30/12
J10227,10100,READM-30-AMI-HRRP,201,,0.9008,16.9,18.8,29,7/1/09,6/30/12
J10228,10101,READM-30-HF-HRRP,448,,0.9638,22.8,23.6,100,7/1/09,6/30/12
J10229,10102,READM-30-PN-HRRP,321,,0.9849,17.7,18,56,7/1/09,6/30/12
J1023,10103,READM-30-AMI-HRRP,0,1,0,0,0,0,7/1/09,6/30/12
J10230,10104,READM-30-AMI-HRRP,118,,0.9988,17.8,17.9,21,7/1/09,6/30/12
J10231,10108,READM-30-HF-HRRP,371,,0.9535,19.8,20.8,71,7/1/09,6/30/12
J10232,10109,READM-30-PN-HRRP,304,,0.9766,16.6,16.9,49,7/1/09,6/30/12
J10233,10110,READM-30-AMI-HRRP,143,,0.9744,19.1,19.6,26,7/1/09,6/30/12
J10234,10112,READM-30-HF-HRRP,449,,1.0831,25.9,23.9,121,7/1/09,6/30/12
J10235,10113,READM-30-PN-HRRP,274,,0.8772,15.4,17.6,35,7/1/09,6/30/12
J10236,10114,READM-30-AMI-HRRP,211,,1.0873,19,17.4,44,7/1/09,6/30/12
J10237,10118,READM-30-HF-HRRP,456,,0.9729,21.8,22.4,98,7/1/09,6/30/12
J10238,10120,READM-30-PN-HRRP,369,,1.067,18.5,17.4,72,7/1/09,6/30/12
J10239,10125,READM-30-AMI-HRRP,118,,1.0302,17.5,16.9,22,7/1/09,6/30/12
J1024,10126,READM-30-HF-HRRP,30,,1.0012,19.8,19.8,0,7/1/09,6/30/12
J10240,10128,READM-30-HF-HRRP,284,,1.0981,25.2,23,77,7/1/09,6/30/12
J10241,10129,READM-30-PN-HRRP,85,,1.0436,18.3,17.5,18,7/1/09,6/30/12
J10242,10130,READM-30-AMI-HRRP,48,,0.9916,17.5,17.6,0,7/1/09,6/30/12
J10243,101300,READM-30-HF-HRRP,185,,0.9591,23.4,24.4,41,7/1/09,6/30/12
J10244,101301,READM-30-PN-HRRP,244,,0.9509,17.6,18.5,40,7/1/09,6/30/12
J10245,101302,READM-30-AMI-HRRP,0,1,0,0,0,0,7/1/09,6/30/12
J10246,101303,READM-30-HF-HRRP,101,,1.0578,25.6,24.2,29,7/1/09,6/30/12
J10247,101304,READM-30-PN-HRRP,126,,0.9027,17.3,19.2,16,7/1/09,6/30/12
J10248,101305,READM-30-AMI-HRRP,59,,0.9755,19,19.5,0,7/1/09,6/30/12
J10249,101307,READM-30-HF-HRRP,225,,0.9741,24.7,25.3,54,7/1/09,6/30/12
J1025,101308,READM-30-PN-HRRP,191,,0.9784,12.1,12.4,22,7/1/09,6/30/12
J10250,101309,READM-30-PN-HRRP,126,,0.9542,18,18.9,20,7/1/09,6/30/12
J10251,10131,READM-30-AMI-HRRP,0,1,0,0,0,0,7/1/09,6/30/12
J10252,101310,READM-30-HF-HRRP,0,1,0,0,0,0,7/1/09,6/30/12
J10253,101311,READM-30-PN-HRRP,63,,0.9564,15,15.6,0,7/1/09,6/30/12
J10254,101312,READM-30-AMI-HRRP,86,,1.0391,17.7,17,17,7/1/09,6/30/12
J10255,101313,READM-30-HF-HRRP,201,,0.9887,22.7,23,45,7/1/09,6/30/12
J10256,10138,READM-30-PN-HRRP,197,,0.8953,15.3,17.1,24,7/1/09,6/30/12
J10257,10139,READM-30-AMI-HRRP,77,,1.0066,17.8,17.7,14,7/1/09,6/30/12
J10258,10144,READM-30-HF-HRRP,171,,1.0538,24.6,23.3,45,7/1/09,6/30/12
J10259,10146,READM-30-PN-HRRP,203,,1.0499,18.8,17.9,41,7/1/09,6/30/12
J1026,10148,READM-30-AMI-HRRP,0,1,0,0,0,0,7/1/09,6/30/12
J10260,10149,READM-30-AMI-HRRP,163,,1.0969,22.3,20.4,41,7/1/09,6/30/12
J10261,10150,READM-30-HF-HRRP,791,,0.9633,24,25,188,7/1/09,6/30/12
J10262,10157,READM-30-PN-HRRP,508,,0.8869,17.7,20,83,7/1/09,6/30/12
J10263,10158,READM-30-AMI-HRRP,365,,1.1098,18.7,16.8,73,7/1/09,6/30/12
J10264,10164,READM-30-HF-HRRP,675,,1.0171,24,23.6,163,7/1/09,6/30/12
J10265,10168,READM-30-PN-HRRP,477,,1.0467,18.5,17.7,91,7/1/09,6/30/12
J10266,10169,READM-30-AMI-HRRP,90,,0.9989,18.9,19,17,7/1/09,6/30/12
J10267,110001,READM-30-HF-HRRP,142,,0.9442,24.1,25.6,31,7/1/09,6/30/12
J10268,110002,READM-30-PN-HRRP,156,,0.9317,17.3,18.6,23,7/1/09,6/30/12
J10269,110003,READM-30-AMI-HRRP,181,,0.9943,15.6,15.7,28,7/1/09,6/30/12
J1027,110004,READM-30-HF-HRRP,63,,1.0509,21.2,20.2,16,7/1/09,6/30/12
J10270,110005,READM-30-HF-HRRP,268,,0.9115,20.5,22.5,50,7/1/09,6/30/12
J10271,110006,READM-30-PN-HRRP,261,,0.9402,16.7,17.7,40,7/1/09,6/30/12
J10272,110007,READM-30-AMI-HRRP,141,,1.0512,21.6,20.6,33,7/1/09,6/30/12
J10273,110008,READM-30-HF-HRRP,499,,0.8615,20.5,23.8,94,7/1/09,6/30/12
J10274,110010,READM-30-PN-HRRP,356,,0.8878,16.5,18.6,52,7/1/09,6/30/12
J10275,110011,READM-30-AMI-HRRP,61,,1.0073,20.7,20.6,13,7/1/09,6/30/12
J10276,110015,READM-30-HF-HRRP,186,,0.9816,23.1,23.6,42,7/1/09,6/30/12
J10277,110016,READM-30-PN-HRRP,149,,0.982,18.2,18.5,26,7/1/09,6/30/12
J10278,110018,READM-30-AMI-HRRP,53,,1.0171,21.1,20.7,12,7/1/09,6/30/12
J10279,110023,READM-30-HF-HRRP,189,,0.9801,21.7,22.2,40,7/1/09,6/30/12
J1028,110024,READM-30-PN-HRRP,198,,0.9633,13.6,14.2,25,7/1/09,6/30/12
J10280,110025,READM-30-PN-HRRP,251,,0.9936,17.3,17.4,43,7/1/09,6/30/12
J10281,110026,READM-30-AMI-HRRP,122,,1.1534,20.6,17.8,32,7/1/09,6/30/12
J10282,110027,READM-30-HF-HRRP,302,,0.8775,19.2,21.9,51,7/1/09,6/30/12
J10283,110028,READM-30-PN-HRRP,454,,0.9742,16.8,17.3,75,7/1/09,6/30/12
J10284,110029,READM-30-AMI-HRRP,0,1,0,0,0,0,7/1/09,6/30/12
J10285,110030,READM-30-HF-HRRP,0,1,0,0,0,0,7/1/09,6/30/12
J10286,110031,READM-30-PN-HRRP,0,1,0,0,0,0,7/1/09,6/30/12
J10287,110032,READM-30-AMI-HRRP,41,,0.98,19.4,19.8,0,7/1/09,6/30/12
J10288,110034,READM-30-HF-HRRP,142,,0.9389,20.7,22.1,26,7/1/09,6/30/12
J10289,110035,READM-30-PN-HRRP,288,,1.0344,17.1,16.5,51,7/1/09,6/30/12
J1029,110036,READM-30-AMI-HRRP,0,7,0,0,0,0,7/1/09,6/30/12
J10290,110038,READM-30-AMI-HRRP,0,1,0,0,0,0,7/1/09,6/30/12
J10291,110039,READM-30-HF-HRRP,123,,0.9662,23.5,24.3,27,7/1/09,6/30/12
J10292,110040,READM-30-PN-HRRP,139,,0.9951,18.9,19,26,7/1/09,6/30/12
J10293,110041,READM-30-AMI-HRRP,0,1,0,0,0,0,7/1/09,6/30/12
J10294,110042,READM-30-HF-HRRP,0,1,0,0,0,0,7/1/09,6/30/12
J10295,110043,READM-30-PN-HRRP,71,,1.0351,18.4,17.7,15,7/1/09,6/30/12
J10296,110044,READM-30-AMI-HRRP,30,,0.9368,20.7,22.1,0,7/1/09,6/30/12
J10297,110045,READM-30-HF-HRRP,179,,1.0752,23.5,21.8,46,7/1/09,6/30/12
J10298,110046,READM-30-PN-HRRP,268,,1.0411,18.2,17.5,51,7/1/09,6/30/12
J10299,110050,READM-30-AMI-HRRP,120,,0.8895,13.6,15.3,11,7/1/09,6/30/12
J1030,110051,READM-30-HF-HRRP,0,7,0,0,0,0,7/1/09,6/30/12
J10300,110054,READM-30-HF-HRRP,245,,0.8473,17.4,20.6,34,7/1/09,6/30/12
J10301,110064,READM-30-PN-HRRP,292,,1.0432,16.3,15.7,50,7/1/09,6/30/12
J10302,110069,READM-30-AMI-HRRP,257,,1.0258,17.8,17.4,47,7/1/09,6/30/12
J10303,110071,READM-30-HF-HRRP,825,,1.0389,23.6,22.7,197,7/1/09,6/30/12
J10304,110073,READM-30-PN-HRRP,547,,1.0241,18,17.6,100,7/1/09,6/30/12
J10305,110074,READM-30-AMI-HRRP,94,,0.9562,16,16.7,13,7/1/09,6/30/12
J10306,110075,READM-30-HF-HRRP,156,,0.8543,18.9,22.1,21,7/1/09,6/30/12
J10307,110076,READM-30-PN-HRRP,145,,1.0172,16.6,16.3,25,7/1/09,6/30/12
J10308,110078,READM-30-AMI-HRRP,0,1,0,0,0,0,7/1/09,6/30/12
J10309,110079,READM-30-HF-HRRP,136,,0.9057,19.3,21.3,21,7/1/09,6/30/12
J1031,110082,READM-30-PN-HRRP,0,1,0,0,0,0,7/1/09,6/30/12
J10310,110083,READM-30-PN-HRRP,135,,0.9317,14.7,15.8,16,7/1/09,6/30/12
J10311,110086,READM-30-AMI-HRRP,209,,0.9266,16,17.3,30,7/1/09,6/30/12
J10312,110087,READM-30-HF-HRRP,274,,0.9332,20.7,22.2,53,7/1/09,6/30/12
J10313,110089,READM-30-PN-HRRP,281,,0.8962,15.3,17.1,37,7/1/09,6/30/12
J10314,110091,READM-30-AMI-HRRP,0,1,0,0,0,0,7/1/09,6/30/12
J10315,110092,READM-30-HF-HRRP,88,,0.9535,21.1,22.2,16,7/1/09,6/30/12
J10316,110095,READM-30-PN-HRRP,121,,0.9623,16.7,17.3,18,7/1/09,6/30/12
J10317,110100,READM-30-AMI-HRRP,0,1,0,0,0,0,7/1/09,6/30/12
J10318,110101,READM-30-HF-HRRP,167,,0.9223,19.3,21,28,7/1/09,6/30/12
J10319,110104,READM-30-PN-HRRP,169,,0.9452,15.4,16.3,23,7/1/09,6/30/12
J1032,110105,READM-30-AMI-HRRP,0,7,0,0,0,0,7/1/09,6/30/12
J10320,110107,READM-30-AMI-HRRP,139,,0.9747,15.2,15.6,20,7/1/09,6/30/12
J10321,110109,READM-30-HF-HRRP,562,,1.0218,21.5,21,122,7/1/09,6/30/12
J10322,110111,READM-30-PN-HRRP,374,,1.1037,18,16.4,73,7/1/09,6/30/12
J10323,110113,READM-30-AMI-HRRP,245,,0.9325,14.8,15.8,33,7/1/09,6/30/12
J10324,110115,READM-30-HF-HRRP,377,,0.8522,17.9,21,59,7/1/09,6/30/12
J10325,110121,READM-30-PN-HRRP,308,,0.9597,15,15.6,44,7/1/09,6/30/12
J10326,110122,READM-30-AMI-HRRP,29,,0.9472,19.3,20.4,0,7/1/09,6/30/12
J10327,110124,READM-30-HF-HRRP,203,,0.8866,18.9,21.3,32,7/1/09,6/30/12
J10328,110125,READM-30-PN-HRRP,326,,0.9333,15.6,16.7,47,7/1/09,6/30/12
J10329,110128,READM-30-AMI-HRRP,287,,0.7825,12.2,15.6,24,7/1/09,6/30/12
J1033,110129,READM-30-HF-HRRP,0,7,0,0,0,0,7/1/09,6/30/12
J10330,110130,READM-30-HF-HRRP,643,,0.8468,19,22.4,113,7/1/09,6/30/12
J10331,110132,READM-30-PN-HRRP,345,,0.9481,17.4,18.3,57,7/1/09,6/30/12
J10332,110135,READM-30-AMI-HRRP,0,1,0,0,0,0,7/1/09,6/30/12
J10333,110142,READM-30-HF-HRRP,167,,0.9245,19.3,20.8,28,7/1/09,6/30/12
J10334,110143,READM-30-PN-HRRP,97,,0.9634,15.5,16.1,13,7/1/09,6/30/12
J10335,110146,READM-30-AMI-HRRP,59,,1.0076,19.7,19.6,12,7/1/09,6/30/12
J10336,110150,READM-30-HF-HRRP,95,,0.8704,18.2,20.9,0,7/1/09,6/30/12
J10337,110153,READM-30-PN-HRRP,110,,0.8967,14.5,16.2,0,7/1/09,6/30/12
J10338,110161,READM-30-AMI-HRRP,58,,0.9862,18.4,18.6,0,7/1/09,6/30/12
J10339,110164,READM-30-HF-HRRP,180,,0.7481,15.6,20.8,13,7/1/09,6/30/12
J1034,110165,READM-30-PN-HRRP,0,1,0,0,0,0,7/1/09,6/30/12
J10340,110168,READM-30-PN-HRRP,169,,0.9231,13.8,14.9,19,7/1/09,6/30/12
J10341,110177,READM-30-AMI-HRRP,345,,0.8962,14.8,16.5,46,7/1/09,6/30/12
J10342,110183,READM-30-HF-HRRP,476,,1.0611,22.8,21.5,112,7/1/09,6/30/12
J10343,110184,READM-30-PN-HRRP,305,,1.0536,17.7,16.8,57,7/1/09,6/30/12
J10344,110186,READM-30-AMI-HRRP,52,,0.9416,19,20.1,0,7/1/09,6/30/12
J10345,110187,READM-30-HF-HRRP,151,,0.9064,19.4,21.4,24,7/1/09,6/30/12
J10346,110189,READM-30-PN-HRRP,136,,0.9165,16.1,17.5,17,7/1/09,6/30/12
J10347,110190,READM-30-AMI-HRRP,0,1,0,0,0,0,7/1/09,6/30/12
J10348,110191,READM-30-HF-HRRP,115,,0.9215,18.5,20.1,17,7/1/09,6/30/12
J10349,110192,READM-30-PN-HRRP,150,,0.9837,14.6,14.8,21,7/1/09,6/30/12
J1035,110194,READM-30-AMI-HRRP,0,7,0,0,0,0,7/1/09,6/30/12
J10350,110198,READM-30-AMI-HRRP,39,,0.9831,20,20.4,0,7/1/09,6/30/12
J10351,110200,READM-30-HF-HRRP,134,,0.978,19.5,20,25,7/1/09,6/30/12
J10352,110201,READM-30-PN-HRRP,129,,0.9459,14.8,15.6,16,7/1/09,6/30/12
J10353,110203,READM-30-AMI-HRRP,52,,1.0246,17.1,16.7,0,7/1/09,6/30/12
J10354,110205,READM-30-HF-HRRP,182,,0.9473,20.3,21.4,34,7/1/09,6/30/12
J10355,110209,READM-30-PN-HRRP,114,,1.0442,17.2,16.5,22,7/1/09,6/30/12
J10356,110215,READM-30-AMI-HRRP,60,,0.9891,15.8,16,0,7/1/09,6/30/12
J10357,110225,READM-30-HF-HRRP,142,,0.9023,18.6,20.6,21,7/1/09,6/30/12
J10358,110226,READM-30-PN-HRRP,134,,0.9638,16.5,17.1,20,7/1/09,6/30/12
J10359,110229,READM-30-AMI-HRRP,336,,0.7572,11.7,15.4,27,7/1/09,6/30/12
J1036,110230,READM-30-HF-HRRP,0,1,0,0,0,0,7/1/09,6/30/12
J10360,110233,READM-30-HF-HRRP,333,,0.8374,17.5,20.9,49,7/1/09,6/30/12
J10361,110234,READM-30-PN-HRRP,158,,0.9766,16.7,17.1,25,7/1/09,6/30/12
J10362,11029,READM-30-AMI-HRRP,161,,0.9697,17,17.6,26,7/1/09,6/30/12
J10363,11030,READM-30-HF-HRRP,401,,0.9331,20.6,22.1,79,7/1/09,6/30/12
J10364,11031,READM-30-PN-HRRP,270,,0.9687,15.8,16.3,41,7/1/09,6/30/12
J10365,111300,READM-30-AMI-HRRP,0,1,0,0,0,0,7/1/09,6/30/12
J10366,111302,READM-30-HF-HRRP,111,,0.9218,19.2,20.9,17,7/1/09,6/30/12
J10367,111303,READM-30-PN-HRRP,165,,0.9177,14.3,15.6,19,7/1/09,6/30/12
J10368,111304,READM-30-AMI-HRRP,40,,0.9676,18.9,19.5,0,7/1/09,6/30/12
J10369,111305,READM-30-HF-HRRP,195,,0.9734,21.3,21.8,40,7/1/09,6/30/12
J1037,111306,READM-30-PN-HRRP,38,,0.9915,14.4,14.5,0,7/1/09,6/30/12
J10370,111308,READM-30-PN-HRRP,218,,0.9232,15.3,16.6,29,7/1/09,6/30/12
J10371,111310,READM-30-AMI-HRRP,40,,0.9829,19.6,19.9,0,7/1/09,6/30/12
J10372,111313,READM-30-HF-HRRP,168,,0.9455,21.5,22.7,33,7/1/09,6/30/12
J10373,111314,READM-30-PN-HRRP,128,,0.9287,15.7,16.9,16,7/1/09,6/30/12
J10374,111316,READM-30-AMI-HRRP,0,1,0,0,0,0,7/1/09,6/30/12
J10375,111318,READM-30-HF-HRRP,160,,0.932,18.6,19.9,26,7/1/09,6/30/12
J10376,111319,READM-30-PN-HRRP,237,,1.1099,18.2,16.4,49,7/1/09,6/30/12
J10377,111320,READM-30-AMI-HRRP,170,,0.9361,14.1,15.1,21,7/1/09,6/30/12
J10378,111321,READM-30-HF-HRRP,362,,0.975,20.5,21.1,73,7/1/09,6/30/12
J10379,111324,READM-30-PN-HRRP,339,,0.9385,15.2,16.2,48,7/1/09,6/30/12
J1038,111325,READM-30-AMI-HRRP,47,,0.9627,16.6,17.2,0,7/1/09,6/30/12
J10380,111326,READM-30-AMI-HRRP,242,,0.9161,13.6,14.8,29,7/1/09,6/30/12
J10381,111327,READM-30-HF-HRRP,547,,0.8125,17.7,21.8,86,7/1/09,6/30/12
J10382,111328,READM-30-PN-HRRP,339,,0.8684,15.3,17.6,44,7/1/09,6/30/12
J10383,111329,READM-30-AMI-HRRP,0,1,0,0,0,0,7/1/09,6/30/12
J10384,111330,READM-30-HF-HRRP,149,,0.974,20.4,21,29,7/1/09,6/30/12
J10385,111331,READM-30-PN-HRRP,171,,1.0378,16.3,15.7,30,7/1/09,6/30/12
J10386,111332,READM-30-AMI-HRRP,218,,1.0214,17.4,17.1,39,7/1/09,6/30/12
J10387,111333,READM-30-HF-HRRP,258,,0.8676,18.8,21.7,41,7/1/09,6/30/12
J10388,111334,READM-30-PN-HRRP,139,,1.0108,16.1,16,23,7/1/09,6/30/12
J10389,111335,READM-30-AMI-HRRP,25,,0.9572,20.6,21.5,0,7/1/09,6/30/12
J1039,111336,READM-30-HF-HRRP,84,,1.0481,21.9,20.9,21,7/1/09,6/30/12
J10390,11300,READM-30-HF-HRRP,150,,0.945,19.3,20.5,26,7/1/09,6/30/12
J10391,11302,READM-30-PN-HRRP,148,,0.8859,13.2,14.9,13,7/1/09,6/30/12
J10392,11304,READM-30-AMI-HRRP,156,,1.0694,21,19.6,36,7/1/09,6/30/12
J10393,120001,READM-30-HF-HRRP,334,,0.9965,23.4,23.5,78,7/1/09,6/30/12
J10394,120002,READM-30-PN-HRRP,216,,0.937,16.5,17.6,32,7/1/09,6/30/12
J10395,120004,READM-30-AMI-HRRP,427,,0.8076,13,16.1,46,7/1/09,6/30/12
J10396,120005,READM-30-HF-HRRP,631,,0.9332,19.9,21.4,122,7/1/09,6/30/12
J10397,120006,READM-30-PN-HRRP,571,,0.9127,14.9,16.3,80,7/1/09,6/30/12
J10398,120007,READM-30-AMI-HRRP,301,,0.8783,14.2,16.2,37,7/1/09,6/30/12
J10399,120011,READM-30-HF-HRRP,245,,0.8755,19.2,22,40,7/1/09,6/30/12
J1040,120014,READM-30-PN-HRRP,134,,0.9921,16,16.1,21,7/1/09,6/30/12
J10400,120019,READM-30-PN-HRRP,225,,0.8431,13.9,16.5,22,7/1/09,6/30/12
J10401,120022,READM-30-AMI-HRRP,158,,0.8525,13.4,15.7,14,7/1/09,6/30/12
J10402,120026,READM-30-HF-HRRP,191,,0.874,17.8,20.4,27,7/1/09,6/30/12
J10403,120028,READM-30-PN-HRRP,282,,0.8728,14,16,32,7/1/09,6/30/12
J10404,121300,READM-30-AMI-HRRP,359,,0.9124,14.2,15.6,47,7/1/09,6/30/12
J10405,121301,READM-30-HF-HRRP,655,,0.9058,18.5,20.4,116,7/1/09,6/30/12
J10406,121303,READM-30-PN-HRRP,496,,0.9867,15.1,15.3,74,7/1/09,6/30/12
J10407,121304,READM-30-AMI-HRRP,0,1,0,0,0,0,7/1/09,6/30/12
J10408,121306,READM-30-HF-HRRP,156,,0.9457,20.5,21.7,29,7/1/09,6/30/12
J10409,121308,READM-30-PN-HRRP,162,,0.96,16.2,16.9,24,7/1/09,6/30/12
J1041,130002,READM-30-AMI-HRRP,0,1,0,0,0,0,7/1/09,6/30/12
J10410,130003,READM-30-AMI-HRRP,0,1,0,0,0,0,7/1/09,6/30/12
J10411,130006,READM-30-HF-HRRP,49,,0.9104,18.3,20.1,0,7/1/09,6/30/12
J10412,130007,READM-30-PN-HRRP,56,,0.9227,13,14.1,0,7/1/09,6/30/12
J10413,130013,READM-30-AMI-HRRP,196,,1.0181,16.9,16.6,34,7/1/09,6/30/12
J10414,130014,READM-30-HF-HRRP,716,,1.0513,23.8,22.6,173,7/1/09,6/30/12
J10415,130018,READM-30-PN-HRRP,468,,1.0105,18.5,18.3,87,7/1/09,6/30/12
J10416,130025,READM-30-AMI-HRRP,99,,1.0057,16.9,16.8,17,7/1/09,6/30/12
J10417,130028,READM-30-HF-HRRP,197,,0.9863,20.2,20.5,39,7/1/09,6/30/12
J10418,13003,READM-30-PN-HRRP,97,,0.9365,15.1,16.1,11,7/1/09,6/30/12
J10419,130049,READM-30-AMI-HRRP,391,,0.933,14.1,15.1,52,7/1/09,6/30/12
J1042,130063,READM-30-HF-HRRP,48,,1.0876,21.9,20.1,15,7/1/09,6/30/12
J10420,130065,READM-30-HF-HRRP,428,,0.9141,21,23,85,7/1/09,6/30/12
J10421,130066,READM-30-PN-HRRP,396,,0.994,17.3,17.4,68,7/1/09,6/30/12
J10422,130067,READM-30-AMI-HRRP,119,,0.9157,16.1,17.5,15,7/1/09,6/30/12
J10423,131301,READM-30-HF-HRRP,303,,0.9105,20.5,22.5,57,7/1/09,6/30/12
J10424,131302,READM-30-PN-HRRP,184,,0.8874,15,16.9,21,7/1/09,6/30/12
J10425,131303,READM-30-AMI-HRRP,29,,0.9727,18.3,18.8,0,7/1/09,6/30/12
J10426,131304,READM-30-HF-HRRP,152,,0.8751,19.9,22.7,23,7/1/09,6/30/12
J10427,131305,READM-30-PN-HRRP,278,,0.8756,14.5,16.5,33,7/1/09,6/30/12
J10428,131307,READM-30-AMI-HRRP,153,,1.0392,15.9,15.3,26,7/1/09,6/30/12
J10429,131308,READM-30-HF-HRRP,345,,0.9601,20.6,21.5,69,7/1/09,6/30/12
J1043,131309,READM-30-PN-HRRP,170,,0.9828,13.5,13.7,22,7/1/09,6/30/12
J10430,131310,READM-30-PN-HRRP,418,,1.026,17.4,16.9,74,7/1/09,6/30/12
J10431,131311,READM-30-AMI-HRRP,75,,1.0049,17,17,13,7/1/09,6/30/12
J10432,131312,READM-30-HF-HRRP,164,,1.0157,23.3,22.9,39,7/1/09,6/30/12
J10433,131313,READM-30-PN-HRRP,142,,0.9006,15.3,17,16,7/1/09,6/30/12
J10434,131314,READM-30-AMI-HRRP,0,1,0,0,0,0,7/1/09,6/30/12
J10435,131315,READM-30-HF-HRRP,81,,0.9523,21.8,22.9,15,7/1/09,6/30/12
J10436,131316,READM-30-PN-HRRP,147,,1.0672,17.9,16.8,30,7/1/09,6/30/12
J10437,131317,READM-30-AMI-HRRP,143,,0.9941,21.9,22,31,7/1/09,6/30/12
J10438,131318,READM-30-HF-HRRP,327,,0.9446,21.8,23,68,7/1/09,6/30/12
J10439,131319,READM-30-PN-HRRP,249,,1.0281,20.2,19.7,52,7/1/09,6/30/12
J1044,131320,READM-30-AMI-HRRP,174,,1.0311,17,16.5,31,7/1/09,6/30/12
J10440,131321,READM-30-AMI-HRRP,34,,1.0254,20,19.5,0,7/1/09,6/30/12
J10441,131322,READM-30-HF-HRRP,110,,0.9605,22,22.9,22,7/1/09,6/30/12
J10442,131323,READM-30-PN-HRRP,193,,0.9602,17.2,18,31,7/1/09,6/30/12
J10443,131324,READM-30-AMI-HRRP,244,,1.0733,18.7,17.4,49,7/1/09,6/30/12
J10444,131325,READM-30-HF-HRRP,551,,0.8949,20,22.3,104,7/1/09,6/30/12
J10445,131326,READM-30-PN-HRRP,234,,1.0606,18.2,17.2,46,7/1/09,6/30/12
J10446,131327,READM-30-AMI-HRRP,1087,,0.8544,15.9,18.7,166,7/1/09,6/30/12
J10447,131328,READM-30-HF-HRRP,1796,,0.9304,22.3,23.9,396,7/1/09,6/30/12
J10448,13301,READM-30-PN-HRRP,1055,,0.9359,18.7,19.9,193,7/1/09,6/30/12
J10449,140001,READM-30-AMI-HRRP,116,,0.9443,20.5,21.7,21,7/1/09,6/30/12
J1045,140002,READM-30-HF-HRRP,331,,0.8547,18.9,22.1,54,7/1/09,6/30/12
J10450,140007,READM-30-HF-HRRP,367,,1.0256,22.5,22,84,7/1/09,6/30/12
J10451,140008,READM-30-PN-HRRP,438,,0.935,16.2,17.3,67,7/1/09,6/30/12
J10452,140010,READM-30-AMI-HRRP,211,,0.8708,13.4,15.4,22,7/1/09,6/30/12
J10453,140011,READM-30-HF-HRRP,344,,0.7765,16.7,21.5,44,7/1/09,6/30/12
J10454,140012,READM-30-PN-HRRP,282,,0.8235,13.7,16.6,28,7/1/09,6/30/12
J10455,140013,READM-30-AMI-HRRP,161,,0.9359,15.6,16.6,22,7/1/09,6/30/12
J10456,140015,READM-30-HF-HRRP,564,,1.0174,23.9,23.5,136,7/1/09,6/30/12
J10457,140018,READM-30-PN-HRRP,396,,1.0621,19.1,18,79,7/1/09,6/30/12
J10458,140019,READM-30-AMI-HRRP,0,1,0,0,0,0,7/1/09,6/30/12
J10459,140026,READM-30-HF-HRRP,136,,0.9445,21.4,22.7,26,7/1/09,6/30/12
J1046,140029,READM-30-PN-HRRP,500,,0.9428,15.4,16.4,74,7/1/09,6/30/12
J10460,140030,READM-30-PN-HRRP,260,,0.9665,16.5,17.1,41,7/1/09,6/30/12
J10461,140032,READM-30-AMI-HRRP,134,,1.0147,17.4,17.1,24,7/1/09,6/30/12
J10462,140033,READM-30-HF-HRRP,156,,0.9289,20.5,22.1,28,7/1/09,6/30/12
J10463,140034,READM-30-PN-HRRP,101,,0.8993,15.8,17.5,0,7/1/09,6/30/12
J10464,14003,READM-30-AMI-HRRP,0,7,0,0,0,0,7/1/09,6/30/12
J10465,140040,READM-30-HF-HRRP,0,7,0,0,0,0,7/1/09,6/30/12
J10466,140043,READM-30-PN-HRRP,0,7,0,0,0,0,7/1/09,6/30/12
J10467,140046,READM-30-AMI-HRRP,0,7,0,0,0,0,7/1/09,6/30/12
J10468,140048,READM-30-HF-HRRP,0,7,0,0,0,0,7/1/09,6/30/12
J10469,140049,READM-30-PN-HRRP,0,7,0,0,0,0,7/1/09,6/30/12
J1047,14004,READM-30-AMI-HRRP,295,,0.8584,13.5,15.7,33,7/1/09,6/30/12
J10470,140052,READM-30-AMI-HRRP,0,7,0,0,0,0,7/1/09,6/30/12
J10471,140053,READM-30-HF-HRRP,0,7,0,0,0,0,7/1/09,6/30/12
J10472,140054,READM-30-PN-HRRP,0,7,0,0,0,0,7/1/09,6/30/12
J10473,140058,READM-30-AMI-HRRP,38,,1.0038,18,17.9,0,7/1/09,6/30/12
J10474,140059,READM-30-HF-HRRP,116,,0.9342,20.4,21.8,20,7/1/09,6/30/12
J10475,140062,READM-30-PN-HRRP,130,,0.9043,15.9,17.6,15,7/1/09,6/30/12
J10476,140063,READM-30-AMI-HRRP,236,,0.9491,14.6,15.3,32,7/1/09,6/30/12
J10477,140064,READM-30-HF-HRRP,205,,0.9066,21.2,23.3,38,7/1/09,6/30/12
J10478,140065,READM-30-PN-HRRP,78,,0.9577,17.2,18,11,7/1/09,6/30/12
J10479,140067,READM-30-AMI-HRRP,0,1,0,0,0,0,7/1/09,6/30/12
J1048,140068,READM-30-HF-HRRP,555,,0.9885,22.3,22.5,123,7/1/09,6/30/12
J10480,140077,READM-30-HF-HRRP,79,,0.8936,19,21.3,0,7/1/09,6/30/12
J10481,14007,READM-30-PN-HRRP,107,,0.9757,16.2,16.6,16,7/1/09,6/30/12
J10482,140080,READM-30-AMI-HRRP,0,7,0,0,0,0,7/1/09,6/30/12
J10483,140082,READM-30-HF-HRRP,0,7,0,0,0,0,7/1/09,6/30/12
J10484,140083,READM-30-PN-HRRP,0,7,0,0,0,0,7/1/09,6/30/12
J10485,140084,READM-30-AMI-HRRP,32,,0.9391,15.2,16.2,0,7/1/09,6/30/12
J10486,140088,READM-30-HF-HRRP,65,,0.9368,22.5,24,11,7/1/09,6/30/12
J10487,140089,READM-30-PN-HRRP,64,,0.9705,18.3,18.8,0,7/1/09,6/30/12
J10488,14008,READM-30-AMI-HRRP,60,,0.9507,15.5,16.4,0,7/1/09,6/30/12
J10489,140091,READM-30-HF-HRRP,82,,0.9395,19.9,21.2,13,7/1/09,6/30/12
J1049,140093,READM-30-PN-HRRP,568,,1.0112,17.5,17.3,100,7/1/09,6/30/12
J10490,140095,READM-30-PN-HRRP,98,,0.9702,17,17.6,15,7/1/09,6/30/12
J10491,140100,READM-30-AMI-HRRP,0,1,0,0,0,0,7/1/09,6/30/12
J10492,140101,READM-30-HF-HRRP,0,1,0,0,0,0,7/1/09,6/30/12
J10493,140103,READM-30-PN-HRRP,0,1,0,0,0,0,7/1/09,6/30/12
J10494,140110,READM-30-AMI-HRRP,0,1,0,0,0,0,7/1/09,6/30/12
J10495,140113,READM-30-HF-HRRP,119,,1.0508,23.7,22.6,31,7/1/09,6/30/12
J10496,140114,READM-30-PN-HRRP,129,,0.8897,14.2,15.9,12,7/1/09,6/30/12
J10497,140115,READM-30-AMI-HRRP,0,1,0,0,0,0,7/1/09,6/30/12
J10498,140116,READM-30-HF-HRRP,82,,1.0026,20.6,20.5,17,7/1/09,6/30/12
J10499,140117,READM-30-PN-HRRP,166,,0.9322,14.3,15.4,20,7/1/09,6/30/12
J1050,140118,READM-30-AMI-HRRP,32,,1.0039,18.2,18.1,0,7/1/09,6/30/12
J10500,140119,READM-30-AMI-HRRP,0,1,0,0,0,0,7/1/09,6/30/12
J10501,140120,READM-30-HF-HRRP,85,,0.9509,19.6,20.6,14,7/1/09,6/30/12
J10502,140122,READM-30-PN-HRRP,105,,0.9229,12.6,13.7,0,7/1/09,6/30/12
J10503,140124,READM-30-AMI-HRRP,0,1,0,0,0,0,7/1/09,6/30/12
J10504,140125,READM-30-HF-HRRP,77,,0.9729,20.1,20.6,14,7/1/09,6/30/12
J10505,140127,READM-30-PN-HRRP,121,,0.8977,13.9,15.5,11,7/1/09,6/30/12
J10506,140130,READM-30-AMI-HRRP,0,1,0,0,0,0,7/1/09,6/30/12
J10507,140133,READM-30-HF-HRRP,61,,0.9954,20.1,20.2,12,7/1/09,6/30/12
J10508,140135,READM-30-PN-HRRP,44,,0.9432,13.9,14.8,0,7/1/09,6/30/12
J10509,140137,READM-30-AMI-HRRP,344,,0.8873,12.6,14.2,38,7/1/09,6/30/12
J1051,140143,READM-30-HF-HRRP,491,,1.1867,26.3,22.2,139,7/1/09,6/30/12
J10510,140145,READM-30-HF-HRRP,329,,0.8896,18.9,21.3,56,7/1/09,6/30/12
J10511,140147,READM-30-PN-HRRP,417,,0.8978,15.8,17.6,60,7/1/09,6/30/12
J10512,140148,READM-30-AMI-HRRP,226,,1.0108,14.4,14.2,33,7/1/09,6/30/12
J10513,140150,READM-30-HF-HRRP,361,,0.8919,18.6,20.8,61,7/1/09,6/30/12
J10514,140155,READM-30-PN-HRRP,385,,0.9454,15.3,16.2,56,7/1/09,6/30/12
J10515,140158,READM-30-AMI-HRRP,0,1,0,0,0,0,7/1/09,6/30/12
J10516,140160,READM-30-HF-HRRP,51,,0.9531,16.6,17.4,0,7/1/09,6/30/12
J10517,140161,READM-30-PN-HRRP,66,,0.9421,14,14.8,0,7/1/09,6/30/12
J10518,140162,READM-30-AMI-HRRP,0,1,0,0,0,0,7/1/09,6/30/12
J10519,140164,READM-30-HF-HRRP,50,,1.017,22.2,21.8,12,7/1/09,6/30/12
J1052,140166,READM-30-PN-HRRP,672,,1.0054,17.1,17,115,7/1/09,6/30/12
J10520,140167,READM-30-PN-HRRP,138,,0.9654,14.4,14.9,18,7/1/09,6/30/12
J10521,140172,READM-30-AMI-HRRP,0,1,0,0,0,0,7/1/09,6/30/12
J10522,140174,READM-30-HF-HRRP,0,1,0,0,0,0,7/1/09,6/30/12
J10523,140176,READM-30-PN-HRRP,48,,0.9778,12.9,13.2,0,7/1/09,6/30/12
J10524,140177,READM-30-AMI-HRRP,0,1,0,0,0,0,7/1/09,6/30/12
J10525,140179,READM-30-HF-HRRP,0,1,0,0,0,0,7/1/09,6/30/12
J10526,140180,READM-30-PN-HRRP,25,,0.9349,14.6,15.6,0,7/1/09,6/30/12
J10527,140181,READM-30-AMI-HRRP,0,1,0,0,0,0,7/1/09,6/30/12
J10528,140182,READM-30-HF-HRRP,105,,1.0447,26.2,25.1,30,7/1/09,6/30/12
J10529,140184,READM-30-PN-HRRP,61,,0.9575,18.9,19.7,0,7/1/09,6/30/12
J1053,140185,READM-30-AMI-HRRP,181,,1.1385,20.3,17.9,43,7/1/09,6/30/12
J10530,140186,READM-30-AMI-HRRP,0,1,0,0,0,0,7/1/09,6/30/12
J10531,140187,READM-30-HF-HRRP,166,,1.0474,22,21,39,7/1/09,6/30/12
J10532,140189,READM-30-PN-HRRP,236,,0.9919,16.3,16.4,38,7/1/09,6/30/12
J10533,140191,READM-30-AMI-HRRP,0,7,0,0,0,0,7/1/09,6/30/12
J10534,140197,READM-30-HF-HRRP,0,7,0,0,0,0,7/1/09,6/30/12
J10535,140200,READM-30-PN-HRRP,0,7,0,0,0,0,7/1/09,6/30/12
J10536,140202,READM-30-AMI-HRRP,0,1,0,0,0,0,7/1/09,6/30/12
J10537,140206,READM-30-HF-HRRP,44,,0.972,21.7,22.3,0,7/1/09,6/30/12
J10538,140208,READM-30-PN-HRRP,86,,0.9703,14.7,15.1,11,7/1/09,6/30/12
J10539,140209,READM-30-AMI-HRRP,0,7,0,0,0,0,7/1/09,6/30/12
J1054,140210,READM-30-HF-HRRP,491,,1.0671,25.3,23.7,128,7/1/09,6/30/12
J10540,140211,READM-30-HF-HRRP,0,7,0,0,0,0,7/1/09,6/30/12
J10541,140213,READM-30-PN-HRRP,0,7,0,0,0,0,7/1/09,6/30/12
J10542,140217,READM-30-AMI-HRRP,0,7,0,0,0,0,7/1/09,6/30/12
J10543,140223,READM-30-HF-HRRP,0,7,0,0,0,0,7/1/09,6/30/12
J10544,140224,READM-30-PN-HRRP,341,,1.1467,18.8,16.4,72,7/1/09,6/30/12
J10545,140228,READM-30-AMI-HRRP,1398,,0.9958,16,16,223,7/1/09,6/30/12
J10546,140231,READM-30-HF-HRRP,1136,,0.8973,19.7,22,218,7/1/09,6/30/12
J10547,140233,READM-30-PN-HRRP,661,,1.0407,18.3,17.5,123,7/1/09,6/30/12
J10548,140234,READM-30-AMI-HRRP,249,,1.1243,21,18.7,58,7/1/09,6/30/12
J10549,140239,READM-30-HF-HRRP,432,,1.0736,25.9,24.1,116,7/1/09,6/30/12
J1055,140240,READM-30-PN-HRRP,390,,1.1182,20.9,18.7,88,7/1/09,6/30/12
J10550,140242,READM-30-PN-HRRP,146,,1.045,19.5,18.7,31,7/1/09,6/30/12
J10551,140250,READM-30-AMI-HRRP,0,1,0,0,0,0,7/1/09,6/30/12
J10552,140251,READM-30-HF-HRRP,121,,1.0065,22,21.9,27,7/1/09,6/30/12
J10553,140252,READM-30-PN-HRRP,163,,1.0446,17.5,16.8,31,7/1/09,6/30/12
J10554,140258,READM-30-AMI-HRRP,44,,1.1181,21.7,19.4,15,7/1/09,6/30/12
J10555,140275,READM-30-HF-HRRP,210,,1.0519,23,21.8,51,7/1/09,6/30/12
J10556,140276,READM-30-PN-HRRP,190,,0.9625,15.8,16.5,28,7/1/09,6/30/12
J10557,140280,READM-30-AMI-HRRP,44,,0.9697,21.7,22.4,0,7/1/09,6/30/12
J10558,140281,READM-30-HF-HRRP,164,,0.9438,22.1,23.4,33,7/1/09,6/30/12
J10559,140286,READM-30-PN-HRRP,242,,1.0188,17.3,17,43,7/1/09,6/30/12
J1056,140288,READM-30-AMI-HRRP,128,,0.982,14.7,15,18,7/1/09,6/30/12
J10560,140289,READM-30-AMI-HRRP,249,,0.9905,18.3,18.4,45,7/1/09,6/30/12
J10561,140290,READM-30-HF-HRRP,625,,0.9753,21.7,22.2,134,7/1/09,6/30/12
J10562,140291,READM-30-PN-HRRP,416,,0.9709,16,16.5,65,7/1/09,6/30/12
J10563,140292,READM-30-AMI-HRRP,110,,0.9977,16.5,16.5,18,7/1/09,6/30/12
J10564,140294,READM-30-HF-HRRP,321,,0.9605,21.2,22.1,66,7/1/09,6/30/12
J10565,140300,READM-30-PN-HRRP,231,,0.9599,15.7,16.3,34,7/1/09,6/30/12
J10566,140304,READM-30-AMI-HRRP,34,,1.0004,20.5,20.5,0,7/1/09,6/30/12
J10567,14034,READM-30-HF-HRRP,280,,0.9861,22.4,22.7,62,7/1/09,6/30/12
J10568,141300,READM-30-PN-HRRP,302,,1.1145,19.8,17.8,66,7/1/09,6/30/12
J10569,141301,READM-30-AMI-HRRP,149,,0.8519,14.3,16.8,14,7/1/09,6/30/12
J1057,141302,READM-30-HF-HRRP,220,,0.9899,22.1,22.3,48,7/1/09,6/30/12
J10570,141303,READM-30-HF-HRRP,464,,1.0401,22.8,21.9,108,7/1/09,6/30/12
J10571,141304,READM-30-PN-HRRP,464,,1.0126,16.9,16.7,79,7/1/09,6/30/12
J10572,141305,READM-30-AMI-HRRP,107,,0.9373,18.8,20.1,17,7/1/09,6/30/12
J10573,141306,READM-30-HF-HRRP,526,,1.0145,22.5,22.2,119,7/1/09,6/30/12
J10574,141307,READM-30-PN-HRRP,317,,1.0169,17.4,17.1,56,7/1/09,6/30/12
J10575,141309,READM-30-AMI-HRRP,109,,0.9436,17.2,18.2,16,7/1/09,6/30/12
J10576,141310,READM-30-HF-HRRP,282,,0.9726,21.8,22.4,60,7/1/09,6/30/12
J10577,141311,READM-30-PN-HRRP,377,,0.9396,15.8,16.8,56,7/1/09,6/30/12
J10578,141312,READM-30-AMI-HRRP,125,,1.0634,20,18.8,28,7/1/09,6/30/12
J10579,141313,READM-30-HF-HRRP,729,,0.903,20.2,22.4,142,7/1/09,6/30/12
J1058,141315,READM-30-PN-HRRP,207,,0.9016,14.3,15.9,24,7/1/09,6/30/12
J10580,141316,READM-30-PN-HRRP,510,,1.0449,18.7,17.9,98,7/1/09,6/30/12
J10581,141317,READM-30-AMI-HRRP,479,,1.2384,19.6,15.9,104,7/1/09,6/30/12
J10582,141318,READM-30-HF-HRRP,823,,1.019,22,21.6,182,7/1/09,6/30/12
J10583,141319,READM-30-PN-HRRP,627,,0.9555,15.4,16.1,94,7/1/09,6/30/12
J10584,141320,READM-30-AMI-HRRP,174,,0.8699,15.2,17.4,20,7/1/09,6/30/12
J10585,141321,READM-30-HF-HRRP,454,,0.8518,19.1,22.4,78,7/1/09,6/30/12
J10586,141322,READM-30-PN-HRRP,471,,0.9512,15.2,16,69,7/1/09,6/30/12
J10587,141323,READM-30-AMI-HRRP,372,,0.9243,14.9,16.2,52,7/1/09,6/30/12
J10588,141324,READM-30-HF-HRRP,641,,0.9441,21.2,22.5,133,7/1/09,6/30/12
J10589,141325,READM-30-PN-HRRP,350,,0.9434,16.7,17.7,55,7/1/09,6/30/12
J1059,141326,READM-30-AMI-HRRP,365,,1.0112,17.1,16.9,63,7/1/09,6/30/12
J10590,141327,READM-30-AMI-HRRP,114,,1.1361,24.2,21.3,34,7/1/09,6/30/12
J10591,141328,READM-30-HF-HRRP,310,,1.0948,26.4,24.1,87,7/1/09,6/30/12
J10592,141329,READM-30-PN-HRRP,425,,1.136,20.2,17.7,93,7/1/09,6/30/12
J10593,141330,READM-30-AMI-HRRP,310,,0.9159,14.5,15.8,41,7/1/09,6/30/12
J10594,141331,READM-30-HF-HRRP,758,,1.039,24,23.1,184,7/1/09,6/30/12
J10595,141332,READM-30-PN-HRRP,607,,1.0297,19,18.4,117,7/1/09,6/30/12
J10596,141333,READM-30-AMI-HRRP,315,,1.0852,18.5,17,62,7/1/09,6/30/12
J10597,141334,READM-30-HF-HRRP,728,,1.017,22.3,21.9,163,7/1/09,6/30/12
J10598,141335,READM-30-PN-HRRP,442,,1.1228,18.4,16.4,88,7/1/09,6/30/12
J10599,141336,READM-30-AMI-HRRP,46,,1.0297,20.8,20.2,11,7/1/09,6/30/12
J1060,141337,READM-30-HF-HRRP,599,,0.9617,20.4,21.2,120,7/1/09,6/30/12
J10600,141338,READM-30-HF-HRRP,284,,1.1957,29.4,24.6,94,7/1/09,6/30/12
J10601,141339,READM-30-PN-HRRP,174,,1.115,20.5,18.4,42,7/1/09,6/30/12
J10602,141340,READM-30-AMI-HRRP,856,,0.9673,16.5,17.1,140,7/1/09,6/30/12
J10603,141341,READM-30-HF-HRRP,1188,,1.005,22.3,22.2,265,7/1/09,6/30/12
J10604,141342,READM-30-PN-HRRP,722,,0.8808,14.5,16.5,98,7/1/09,6/30/12
J10605,141343,READM-30-AMI-HRRP,149,,1.0594,17,16.1,28,7/1/09,6/30/12
J10606,141344,READM-30-HF-HRRP,527,,0.9949,22.1,22.2,116,7/1/09,6/30/12
J10607,141345,READM-30-PN-HRRP,372,,0.8627,13.7,15.9,43,7/1/09,6/30/12
J10608,141346,READM-30-AMI-HRRP,312,,1.0865,20.5,18.9,68,7/1/09,6/30/12
J10609,141347,READM-30-HF-HRRP,608,,1.1657,26.4,22.6,169,7/1/09,6/30/12
J1061,141348,READM-30-PN-HRRP,637,,1.0389,16.9,16.3,110,7/1/09,6/30/12
J10610,141349,READM-30-PN-HRRP,394,,1.0691,19.3,18.1,80,7/1/09,6/30/12
J10611,141350,READM-30-AMI-HRRP,348,,0.9919,16.8,16.9,58,7/1/09,6/30/12
J10612,141351,READM-30-HF-HRRP,813,,0.9898,22,22.2,178,7/1/09,6/30/12
J10613,150001,READM-30-PN-HRRP,345,,1.0342,18.3,17.7,65,7/1/09,6/30/12
J10614,150002,READM-30-AMI-HRRP,175,,1.0511,18.6,17.7,35,7/1/09,6/30/12
J10615,150003,READM-30-HF-HRRP,563,,1.2179,27.3,22.4,165,7/1/09,6/30/12
J10616,150004,READM-30-PN-HRRP,382,,1.1354,19.1,16.8,80,7/1/09,6/30/12
J10617,150005,READM-30-AMI-HRRP,259,,0.9707,16.8,17.3,42,7/1/09,6/30/12
J10618,150006,READM-30-HF-HRRP,575,,1.0044,21.5,21.4,124,7/1/09,6/30/12
J10619,150007,READM-30-PN-HRRP,631,,1.0773,17.6,16.3,115,7/1/09,6/30/12
J1062,150008,READM-30-AMI-HRRP,72,,0.9452,16.2,17.1,0,7/1/09,6/30/12
J10620,150009,READM-30-AMI-HRRP,130,,1.0549,18.1,17.1,26,7/1/09,6/30/12
J10621,150010,READM-30-HF-HRRP,346,,1.0244,22.5,21.9,79,7/1/09,6/30/12
J10622,150011,READM-30-PN-HRRP,375,,0.9657,15.7,16.3,57,7/1/09,6/30/12
J10623,150012,READM-30-AMI-HRRP,33,,1.0132,19.3,19.1,0,7/1/09,6/30/12
J10624,150015,READM-30-HF-HRRP,196,,1.0732,24,22.4,51,7/1/09,6/30/12
J10625,150017,READM-30-PN-HRRP,120,,0.8834,14.8,16.8,11,7/1/09,6/30/12
J10626,150018,READM-30-AMI-HRRP,0,1,0,0,0,0,7/1/09,6/30/12
J10627,150021,READM-30-HF-HRRP,123,,1.0747,22,20.5,31,7/1/09,6/30/12
J10628,150022,READM-30-PN-HRRP,148,,0.9047,13.8,15.2,15,7/1/09,6/30/12
J10629,150023,READM-30-AMI-HRRP,26,,0.9369,19.9,21.3,0,7/1/09,6/30/12
J1063,150024,READM-30-HF-HRRP,162,,0.98,22.3,22.7,35,7/1/09,6/30/12
J10630,150026,READM-30-HF-HRRP,140,,1.0047,21.2,21.1,30,7/1/09,6/30/12
J10631,150030,READM-30-PN-HRRP,176,,0.9712,16.3,16.7,27,7/1/09,6/30/12
J10632,150034,READM-30-AMI-HRRP,38,,1.023,20.8,20.3,0,7/1/09,6/30/12
J10633,150035,READM-30-HF-HRRP,239,,1.0424,22.1,21.2,55,7/1/09,6/30/12
J10634,150037,READM-30-PN-HRRP,205,,1.1626,18.8,16.2,47,7/1/09,6/30/12
J10635,150038,READM-30-AMI-HRRP,29,,0.9635,20,20.7,0,7/1/09,6/30/12
J10636,15003,READM-30-HF-HRRP,150,,1.0731,25.4,23.6,42,7/1/09,6/30/12
J10637,150042,READM-30-PN-HRRP,234,,1.0304,17.7,17.1,43,7/1/09,6/30/12
J10638,150044,READM-30-AMI-HRRP,117,,1.0427,17.1,16.4,22,7/1/09,6/30/12
J10639,150045,READM-30-HF-HRRP,453,,0.9292,20.8,22.3,90,7/1/09,6/30/12
J1064,150046,READM-30-PN-HRRP,208,,1.0132,17,16.7,36,7/1/09,6/30/12
J10640,150047,READM-30-PN-HRRP,372,,1.1825,20.3,17.1,85,7/1/09,6/30/12
J10641,150048,READM-30-AMI-HRRP,0,1,0,0,0,0,7/1/09,6/30/12
J10642,15004,READM-30-HF-HRRP,40,,0.9706,21.6,22.3,0,7/1/09,6/30/12
J10643,150051,READM-30-PN-HRRP,28,,0.9933,15.6,15.7,0,7/1/09,6/30/12
J10644,150056,READM-30-AMI-HRRP,50,,1.1256,25.9,23,19,7/1/09,6/30/12
J10645,150057,READM-30-HF-HRRP,218,,1.119,23.8,21.2,58,7/1/09,6/30/12
J10646,150058,READM-30-PN-HRRP,201,,1.1425,18.2,15.9,44,7/1/09,6/30/12
J10647,150059,READM-30-AMI-HRRP,65,,0.9857,21.1,21.4,13,7/1/09,6/30/12
J10648,150061,READM-30-HF-HRRP,336,,0.9476,22,23.2,71,7/1/09,6/30/12
J10649,150064,READM-30-PN-HRRP,154,,1.0062,16.7,16.6,26,7/1/09,6/30/12
J1065,150065,READM-30-AMI-HRRP,157,,0.9766,17.3,17.7,26,7/1/09,6/30/12
J10650,150069,READM-30-AMI-HRRP,44,,1.1016,21.2,19.2,14,7/1/09,6/30/12
J10651,150072,READM-30-HF-HRRP,341,,1.0425,23.4,22.4,82,7/1/09,6/30/12
J10652,150074,READM-30-PN-HRRP,342,,1.0248,16.9,16.4,59,7/1/09,6/30/12
J10653,150075,READM-30-AMI-HRRP,0,7,0,0,0,0,7/1/09,6/30/12
J10654,150076,READM-30-HF-HRRP,0,7,0,0,0,0,7/1/09,6/30/12
J10655,150082,READM-30-PN-HRRP,0,1,0,0,0,0,7/1/09,6/30/12
J10656,150084,READM-30-AMI-HRRP,0,7,0,0,0,0,7/1/09,6/30/12
J10657,150086,READM-30-HF-HRRP,0,7,0,0,0,0,7/1/09,6/30/12
J10658,150088,READM-30-PN-HRRP,0,7,0,0,0,0,7/1/09,6/30/12
J10659,150089,READM-30-AMI-HRRP,100,,1.0251,15.9,15.5,17,7/1/09,6/30/12
J1066,150090,READM-30-HF-HRRP,369,,1.0888,25.5,23.4,99,7/1/09,6/30/12
J10660,150091,READM-30-HF-HRRP,327,,0.9157,19.8,21.6,60,7/1/09,6/30/12
J10661,150097,READM-30-PN-HRRP,269,,0.9936,16.1,16.2,43,7/1/09,6/30/12
J10662,150100,READM-30-AMI-HRRP,0,7,0,0,0,0,7/1/09,6/30/12
J10663,150101,READM-30-HF-HRRP,0,1,0,0,0,0,7/1/09,6/30/12
J10664,150102,READM-30-PN-HRRP,0,1,0,0,0,0,7/1/09,6/30/12
J10665,150104,READM-30-AMI-HRRP,62,,1.0249,17.5,17.1,12,7/1/09,6/30/12
J10666,150109,READM-30-HF-HRRP,149,,1.0516,23.6,22.5,38,7/1/09,6/30/12
J10667,150112,READM-30-PN-HRRP,216,,1.0827,19.2,17.7,46,7/1/09,6/30/12
J10668,150113,READM-30-AMI-HRRP,44,,0.9329,18.9,20.3,0,7/1/09,6/30/12
J10669,150115,READM-30-HF-HRRP,166,,0.9559,20.7,21.7,32,7/1/09,6/30/12
J1067,150125,READM-30-PN-HRRP,211,,1.1083,19.5,17.6,47,7/1/09,6/30/12
J10670,150126,READM-30-PN-HRRP,207,,1.0256,18.6,18.2,40,7/1/09,6/30/12
J10671,150128,READM-30-AMI-HRRP,487,,1.0174,17.7,17.4,87,7/1/09,6/30/12
J10672,150129,READM-30-HF-HRRP,1175,,0.9227,20.7,22.5,239,7/1/09,6/30/12
J10673,150133,READM-30-PN-HRRP,577,,0.9278,15.6,16.8,86,7/1/09,6/30/12
J10674,150146,READM-30-AMI-HRRP,108,,1.0017,20.3,20.3,22,7/1/09,6/30/12
J10675,150149,READM-30-HF-HRRP,464,,0.998,22.7,22.7,105,7/1/09,6/30/12
J10676,150150,READM-30-PN-HRRP,233,,0.9919,16.9,17.1,39,7/1/09,6/30/12
J10677,150153,READM-30-AMI-HRRP,51,,1.1601,26.4,22.7,21,7/1/09,6/30/12
J10678,150154,READM-30-HF-HRRP,130,,0.9685,23.7,24.5,29,7/1/09,6/30/12
J10679,150157,READM-30-PN-HRRP,92,,1.0924,22.5,20.6,26,7/1/09,6/30/12
J1068,150158,READM-30-AMI-HRRP,236,,0.9831,16.4,16.7,38,7/1/09,6/30/12
J10680,150160,READM-30-AMI-HRRP,0,1,0,0,0,0,7/1/09,6/30/12
J10681,150161,READM-30-HF-HRRP,235,,0.9982,21.7,21.8,51,7/1/09,6/30/12
J10682,150162,READM-30-PN-HRRP,347,,1.0089,17.4,17.3,61,7/1/09,6/30/12
J10683,150163,READM-30-AMI-HRRP,64,,1.1218,23.8,21.2,21,7/1/09,6/30/12
J10684,150164,READM-30-HF-HRRP,215,,1.2237,29,23.7,74,7/1/09,6/30/12
J10685,150165,READM-30-PN-HRRP,260,,1.0771,19.9,18.5,56,7/1/09,6/30/12
J10686,150166,READM-30-AMI-HRRP,0,1,0,0,0,0,7/1/09,6/30/12
J10687,150167,READM-30-HF-HRRP,58,,0.9904,21.6,21.8,12,7/1/09,6/30/12
J10688,150168,READM-30-PN-HRRP,101,,1.0524,19.9,18.9,23,7/1/09,6/30/12
J10689,150169,READM-30-AMI-HRRP,329,,0.9668,15.4,15.9,49,7/1/09,6/30/12
J1069,150172,READM-30-HF-HRRP,483,,0.9976,22.4,22.4,108,7/1/09,6/30/12
J10690,150173,READM-30-HF-HRRP,953,,0.9632,20.6,21.4,194,7/1/09,6/30/12
J10691,150175,READM-30-PN-HRRP,539,,0.8786,14.5,16.5,71,7/1/09,6/30/12
J10692,150176,READM-30-AMI-HRRP,63,,0.9175,17.6,19.2,0,7/1/09,6/30/12
J10693,150177,READM-30-HF-HRRP,342,,0.8901,20.6,23.1,64,7/1/09,6/30/12
J10694,150179,READM-30-PN-HRRP,289,,0.9754,17.1,17.5,48,7/1/09,6/30/12
J10695,150180,READM-30-AMI-HRRP,258,,0.9764,19.1,19.5,48,7/1/09,6/30/12
J10696,150181,READM-30-HF-HRRP,705,,1.0262,24.8,24.1,176,7/1/09,6/30/12
J10697,150182,READM-30-PN-HRRP,623,,1.0569,19.4,18.3,124,7/1/09,6/30/12
J10698,151300,READM-30-AMI-HRRP,63,,1.0699,21.7,20.3,17,7/1/09,6/30/12
J10699,151301,READM-30-HF-HRRP,372,,0.9926,21.9,22,81,7/1/09,6/30/12
J1070,151302,READM-30-PN-HRRP,534,,0.9631,16.5,17.1,86,7/1/09,6/30/12
J10700,151303,READM-30-PN-HRRP,231,,1.0631,16.7,15.7,42,7/1/09,6/30/12
J10701,151304,READM-30-AMI-HRRP,0,1,0,0,0,0,7/1/09,6/30/12
J10702,151305,READM-30-HF-HRRP,97,,0.928,19.6,21.1,15,7/1/09,6/30/12
J10703,151306,READM-30-PN-HRRP,175,,0.9278,14.3,15.4,21,7/1/09,6/30/12
J10704,151307,READM-30-AMI-HRRP,0,1,0,0,0,0,7/1/09,6/30/12
J10705,151308,READM-30-HF-HRRP,230,,0.8562,20.2,23.6,38,7/1/09,6/30/12
J10706,151309,READM-30-PN-HRRP,241,,1.1345,20.6,18.2,57,7/1/09,6/30/12
J10707,151310,READM-30-AMI-HRRP,0,1,0,0,0,0,7/1/09,6/30/12
J10708,151311,READM-30-HF-HRRP,107,,0.9814,22.5,22.9,23,7/1/09,6/30/12
J10709,151312,READM-30-PN-HRRP,135,,1.0638,19.6,18.4,30,7/1/09,6/30/12
J1071,151313,READM-30-AMI-HRRP,486,,1.0415,16.1,15.4,80,7/1/09,6/30/12
J10710,151314,READM-30-AMI-HRRP,49,,0.9323,19.1,20.5,0,7/1/09,6/30/12
J10711,151315,READM-30-HF-HRRP,270,,1.0279,21.3,20.7,59,7/1/09,6/30/12
J10712,151316,READM-30-PN-HRRP,266,,0.9766,15.9,16.3,41,7/1/09,6/30/12
J10713,151317,READM-30-AMI-HRRP,0,7,0,0,0,0,7/1/09,6/30/12
J10714,151318,READM-30-HF-HRRP,0,7,0,0,0,0,7/1/09,6/30/12
J10715,151319,READM-30-PN-HRRP,0,1,0,0,0,0,7/1/09,6/30/12
J10716,151320,READM-30-AMI-HRRP,0,7,0,0,0,0,7/1/09,6/30/12
J10717,151322,READM-30-HF-HRRP,0,1,0,0,0,0,7/1/09,6/30/12
J10718,151323,READM-30-PN-HRRP,0,1,0,0,0,0,7/1/09,6/30/12
J10719,151324,READM-30-AMI-HRRP,135,,1.1661,20.5,17.6,35,7/1/09,6/30/12
J1072,151325,READM-30-HF-HRRP,898,,0.9944,20.7,20.9,186,7/1/09,6/30/12
J10720,151326,READM-30-HF-HRRP,420,,0.9604,21.2,22.1,87,7/1/09,6/30/12
J10721,151327,READM-30-PN-HRRP,200,,1.0493,17.2,16.4,37,7/1/09,6/30/12
J10722,151328,READM-30-AMI-HRRP,32,,0.9791,18.8,19.2,0,7/1/09,6/30/12
J10723,151329,READM-30-HF-HRRP,140,,0.9466,20.7,21.9,26,7/1/09,6/30/12
J10724,151330,READM-30-PN-HRRP,138,,0.9157,15.1,16.5,16,7/1/09,6/30/12
J10725,151331,READM-30-AMI-HRRP,38,,1.0785,19.4,18,11,7/1/09,6/30/12
J10726,151332,READM-30-HF-HRRP,98,,0.9688,22.2,22.9,20,7/1/09,6/30/12
J10727,151333,READM-30-PN-HRRP,76,,1.0639,16.6,15.6,16,7/1/09,6/30/12
J10728,151334,READM-30-AMI-HRRP,138,,0.9634,15.7,16.3,20,7/1/09,6/30/12
J10729,151335,READM-30-HF-HRRP,408,,0.8845,18.3,20.6,68,7/1/09,6/30/12
J1073,160001,READM-30-PN-HRRP,29,,1.0375,17.1,16.4,0,7/1/09,6/30/12
J10730,160005,READM-30-PN-HRRP,308,,0.9214,14.4,15.7,40,7/1/09,6/30/12
J10731,160008,READM-30-AMI-HRRP,49,,0.9738,18.9,19.4,0,7/1/09,6/30/12
J10732,160013,READM-30-HF-HRRP,145,,0.9555,21,22,28,7/1/09,6/30/12
J10733,160016,READM-30-PN-HRRP,153,,0.8697,13.4,15.4,13,7/1/09,6/30/12
J10734,160024,READM-30-AMI-HRRP,182,,0.9814,15.3,15.6,27,7/1/09,6/30/12
J10735,160028,READM-30-HF-HRRP,311,,0.9681,21.1,21.8,64,7/1/09,6/30/12
J10736,160029,READM-30-PN-HRRP,310,,1.0208,16.7,16.4,53,7/1/09,6/30/12
J10737,160030,READM-30-AMI-HRRP,163,,0.9443,15.1,16,22,7/1/09,6/30/12
J10738,160032,READM-30-HF-HRRP,352,,1.0788,24.6,22.8,91,7/1/09,6/30/12
J10739,160033,READM-30-PN-HRRP,257,,0.9845,15.9,16.2,40,7/1/09,6/30/12
J1074,16003,READM-30-AMI-HRRP,0,7,0,0,0,0,7/1/09,6/30/12
J10740,160040,READM-30-AMI-HRRP,28,,1.0716,20.4,19,0,7/1/09,6/30/12
J10741,160045,READM-30-HF-HRRP,105,,0.9778,20.2,20.6,20,7/1/09,6/30/12
J10742,160047,READM-30-PN-HRRP,196,,1.0441,16.6,15.9,35,7/1/09,6/30/12
J10743,16004,READM-30-AMI-HRRP,91,,1.0659,17.6,16.5,19,7/1/09,6/30/12
J10744,160057,READM-30-HF-HRRP,233,,1.031,24.6,23.8,59,7/1/09,6/30/12
J10745,160058,READM-30-PN-HRRP,128,,1.0215,18.6,18.2,25,7/1/09,6/30/12
J10746,160064,READM-30-AMI-HRRP,61,,0.9706,15.3,15.8,0,7/1/09,6/30/12
J10747,160067,READM-30-HF-HRRP,228,,0.9053,19,21,38,7/1/09,6/30/12
J10748,160069,READM-30-PN-HRRP,276,,0.9087,14.6,16,35,7/1/09,6/30/12
J10749,160079,READM-30-AMI-HRRP,303,,0.9937,15.3,15.4,46,7/1/09,6/30/12
J1075,160080,READM-30-HF-HRRP,0,7,0,0,0,0,7/1/09,6/30/12
J10750,160082,READM-30-HF-HRRP,321,,1.0018,21.2,21.1,68,7/1/09,6/30/12
J10751,160083,READM-30-PN-HRRP,169,,1.0257,16.3,15.9,29,7/1/09,6/30/12
J10752,160089,READM-30-AMI-HRRP,477,,1.0355,17.7,17.1,86,7/1/09,6/30/12
J10753,160101,READM-30-HF-HRRP,556,,0.8744,19.3,22.1,100,7/1/09,6/30/12
J10754,160104,READM-30-PN-HRRP,318,,0.9395,15.9,16.9,47,7/1/09,6/30/12
J10755,160110,READM-30-AMI-HRRP,89,,1.0184,17,16.7,16,7/1/09,6/30/12
J10756,160112,READM-30-HF-HRRP,307,,1.1504,25.8,22.4,87,7/1/09,6/30/12
J10757,160117,READM-30-PN-HRRP,305,,1.045,17.6,16.8,56,7/1/09,6/30/12
J10758,160122,READM-30-AMI-HRRP,258,,0.7675,11.5,15,18,7/1/09,6/30/12
J10759,160124,READM-30-HF-HRRP,374,,0.804,16.7,20.7,51,7/1/09,6/30/12
J1076,160146,READM-30-PN-HRRP,0,7,0,0,0,0,7/1/09,6/30/12
J10760,160147,READM-30-PN-HRRP,272,,0.9276,15.1,16.3,37,7/1/09,6/30/12
J10761,160153,READM-30-AMI-HRRP,39,,1.032,19.2,18.6,0,7/1/09,6/30/12
J10762,161300,READM-30-HF-HRRP,310,,0.8793,19.3,22,53,7/1/09,6/30/12
J10763,161301,READM-30-PN-HRRP,220,,0.9238,15.2,16.4,29,7/1/09,6/30/12
J10764,161302,READM-30-AMI-HRRP,54,,0.9631,20,20.8,0,7/1/09,6/30/12
J10765,161303,READM-30-HF-HRRP,245,,0.9882,21.9,22.2,53,7/1/09,6/30/12
J10766,161304,READM-30-PN-HRRP,263,,0.9274,14.5,15.6,34,7/1/09,6/30/12
J10767,161305,READM-30-AMI-HRRP,559,,0.8312,12.7,15.3,63,7/1/09,6/30/12
J10768,161306,READM-30-HF-HRRP,627,,0.8145,18.2,22.3,103,7/1/09,6/30/12
J10769,161307,READM-30-PN-HRRP,369,,0.9077,15.3,16.8,51,7/1/09,6/30/12
J1077,161308,READM-30-AMI-HRRP,0,7,0,0,0,0,7/1/09,6/30/12
J10770,161309,READM-30-AMI-HRRP,374,,0.9352,15.3,16.3,54,7/1/09,6/30/12
J10771,161310,READM-30-HF-HRRP,607,,0.9833,20.9,21.3,126,7/1/09,6/30/12
J10772,161311,READM-30-PN-HRRP,35,,0.9267,14.6,15.8,0,7/1/09,6/30/12
J10773,161312,READM-30-AMI-HRRP,134,,1.149,19.7,17.2,33,7/1/09,6/30/12
J10774,161313,READM-30-HF-HRRP,236,,1.0067,22.3,22.2,53,7/1/09,6/30/12
J10775,161314,READM-30-PN-HRRP,316,,0.9552,17,17.8,51,7/1/09,6/30/12
J10776,161315,READM-30-AMI-HRRP,26,,0.9888,21.3,21.6,0,7/1/09,6/30/12
J10777,161316,READM-30-HF-HRRP,324,,1.033,21.7,21,72,7/1/09,6/30/12
J10778,161317,READM-30-PN-HRRP,533,,1.0319,16,15.5,87,7/1/09,6/30/12
J10779,161318,READM-30-AMI-HRRP,406,,0.8347,13.3,16,46,7/1/09,6/30/12
J1078,161319,READM-30-HF-HRRP,0,7,0,0,0,0,7/1/09,6/30/12
J10780,161320,READM-30-HF-HRRP,475,,0.8757,18.3,20.9,80,7/1/09,6/30/12
J10781,161321,READM-30-PN-HRRP,603,,0.9036,14.2,15.7,80,7/1/09,6/30/12
J10782,161322,READM-30-AMI-HRRP,38,,0.919,18.6,20.2,0,7/1/09,6/30/12
J10783,161323,READM-30-HF-HRRP,507,,1.0656,23.6,22.1,123,7/1/09,6/30/12
J10784,161324,READM-30-PN-HRRP,245,,0.961,16,16.7,37,7/1/09,6/30/12
J10785,161325,READM-30-AMI-HRRP,0,1,0,0,0,0,7/1/09,6/30/12
J10786,161326,READM-30-HF-HRRP,80,,0.9335,20.9,22.4,13,7/1/09,6/30/12
J10787,161327,READM-30-PN-HRRP,131,,0.993,17.1,17.2,22,7/1/09,6/30/12
J10788,161328,READM-30-AMI-HRRP,192,,0.9971,15.2,15.2,29,7/1/09,6/30/12
J10789,161329,READM-30-HF-HRRP,528,,0.8908,18.4,20.6,91,7/1/09,6/30/12
J1079,161330,READM-30-PN-HRRP,0,7,0,0,0,0,7/1/09,6/30/12
J10790,161331,READM-30-PN-HRRP,533,,0.9558,15.1,15.8,78,7/1/09,6/30/12
J10791,161332,READM-30-AMI-HRRP,0,1,0,0,0,0,7/1/09,6/30/12
J10792,161333,READM-30-HF-HRRP,66,,1.0812,23.7,21.9,20,7/1/09,6/30/12
J10793,161334,READM-30-PN-HRRP,51,,1.0306,16.3,15.8,0,7/1/09,6/30/12
J10794,161335,READM-30-AMI-HRRP,418,,0.974,15.1,15.5,62,7/1/09,6/30/12
J10795,161336,READM-30-HF-HRRP,571,,0.9163,19.9,21.7,109,7/1/09,6/30/12
J10796,161337,READM-30-PN-HRRP,552,,0.9517,15.7,16.5,84,7/1/09,6/30/12
J10797,161338,READM-30-AMI-HRRP,104,,0.9599,18.2,19,17,7/1/09,6/30/12
J10798,161339,READM-30-HF-HRRP,264,,0.9475,21.2,22.4,53,7/1/09,6/30/12
J10799,161340,READM-30-PN-HRRP,365,,0.9346,16.4,17.5,56,7/1/09,6/30/12
J1080,161341,READM-30-AMI-HRRP,117,,1.0421,17.1,16.4,22,7/1/09,6/30/12
J10800,161342,READM-30-AMI-HRRP,317,,0.9133,14.6,15.9,42,7/1/09,6/30/12
J10801,161343,READM-30-HF-HRRP,442,,1.0373,22.2,21.4,100,7/1/09,6/30/12
J10802,161344,READM-30-PN-HRRP,362,,1.0045,16.8,16.7,61,7/1/09,6/30/12
J10803,161345,READM-30-AMI-HRRP,0,1,0,0,0,0,7/1/09,6/30/12
J10804,161346,READM-30-HF-HRRP,82,,0.9817,22,22.4,17,7/1/09,6/30/12
J10805,161347,READM-30-PN-HRRP,62,,0.9157,16,17.5,0,7/1/09,6/30/12
J10806,161348,READM-30-AMI-HRRP,357,,1.0958,19.2,17.6,73,7/1/09,6/30/12
J10807,161349,READM-30-HF-HRRP,642,,0.9362,20.7,22.1,129,7/1/09,6/30/12
J10808,161350,READM-30-PN-HRRP,383,,1.0453,17.9,17.1,71,7/1/09,6/30/12
J10809,161351,READM-30-AMI-HRRP,217,,0.8679,14,16.2,24,7/1/09,6/30/12
J1081,161352,READM-30-HF-HRRP,145,,0.9691,22.6,23.3,31,7/1/09,6/30/12
J10810,161353,READM-30-HF-HRRP,586,,1.0462,21.9,21,131,7/1/09,6/30/12
J10811,161354,READM-30-PN-HRRP,408,,0.957,14.8,15.5,58,7/1/09,6/30/12
J10812,161355,READM-30-AMI-HRRP,0,7,0,0,0,0,7/1/09,6/30/12
J10813,161356,READM-30-HF-HRRP,0,7,0,0,0,0,7/1/09,6/30/12
J10814,161357,READM-30-PN-HRRP,0,7,0,0,0,0,7/1/09,6/30/12
J10815,161358,READM-30-AMI-HRRP,26,,1.0338,20.8,20.1,0,7/1/09,6/30/12
J10816,161359,READM-30-HF-HRRP,233,,1.09,25.4,23.3,64,7/1/09,6/30/12
J10817,161360,READM-30-PN-HRRP,253,,0.9634,16.6,17.3,40,7/1/09,6/30/12
J10818,161361,READM-30-AMI-HRRP,775,,0.6662,10.2,15.3,61,7/1/09,6/30/12
J10819,161362,READM-30-HF-HRRP,683,,0.8932,18.9,21.1,123,7/1/09,6/30/12
J1082,161363,READM-30-PN-HRRP,170,,0.969,16.9,17.5,27,7/1/09,6/30/12
J10820,161364,READM-30-PN-HRRP,392,,0.9355,15.7,16.8,58,7/1/09,6/30/12
J10821,161365,READM-30-AMI-HRRP,408,,0.7987,12.5,15.7,41,7/1/09,6/30/12
J10822,161366,READM-30-HF-HRRP,429,,0.9768,22,22.5,93,7/1/09,6/30/12
J10823,161367,READM-30-PN-HRRP,361,,0.8792,15.8,18,50,7/1/09,6/30/12
J10824,161368,READM-30-AMI-HRRP,0,1,0,0,0,0,7/1/09,6/30/12
J10825,161369,READM-30-HF-HRRP,57,,0.9906,20.2,20.4,11,7/1/09,6/30/12
J10826,161370,READM-30-PN-HRRP,90,,0.9417,15.9,16.9,11,7/1/09,6/30/12
J10827,161371,READM-30-AMI-HRRP,51,,0.9481,16.6,17.6,0,7/1/09,6/30/12
J10828,161372,READM-30-HF-HRRP,134,,0.9085,20.3,22.4,22,7/1/09,6/30/12
J10829,161373,READM-30-PN-HRRP,104,,1.0692,18.4,17.3,23,7/1/09,6/30/12
J1083,161374,READM-30-AMI-HRRP,747,,0.9808,16,16.4,119,7/1/09,6/30/12
J10830,161375,READM-30-AMI-HRRP,65,,0.9117,17.5,19.2,0,7/1/09,6/30/12
J10831,161376,READM-30-HF-HRRP,273,,0.843,18,21.3,40,7/1/09,6/30/12
J10832,161377,READM-30-PN-HRRP,388,,0.8728,13.5,15.4,45,7/1/09,6/30/12
J10833,161378,READM-30-AMI-HRRP,126,,0.852,14.5,17.1,11,7/1/09,6/30/12
J10834,161379,READM-30-HF-HRRP,316,,0.8655,18.2,21.1,50,7/1/09,6/30/12
J10835,161380,READM-30-PN-HRRP,311,,0.8573,14.3,16.7,36,7/1/09,6/30/12
J10836,161381,READM-30-AMI-HRRP,249,,1.0894,20,18.4,54,7/1/09,6/30/12
J10837,170001,READM-30-HF-HRRP,661,,1.007,22.8,22.6,151,7/1/09,6/30/12
J10838,170006,READM-30-PN-HRRP,530,,1.0698,19.3,18,106,7/1/09,6/30/12
J10839,170009,READM-30-AMI-HRRP,0,1,0,0,0,0,7/1/09,6/30/12
J1084,170010,READM-30-HF-HRRP,901,,0.913,19.5,21.4,171,7/1/09,6/30/12
J10840,170012,READM-30-HF-HRRP,55,,1.018,23.7,23.2,14,7/1/09,6/30/12
J10841,170013,READM-30-PN-HRRP,70,,0.9718,15.1,15.5,0,7/1/09,6/30/12
J10842,170014,READM-30-AMI-HRRP,228,,0.9169,15.3,16.7,31,7/1/09,6/30/12
J10843,170016,READM-30-HF-HRRP,545,,1.0463,22.8,21.8,127,7/1/09,6/30/12
J10844,170017,READM-30-PN-HRRP,485,,1.0363,17.7,17.1,88,7/1/09,6/30/12
J10845,170020,READM-30-AMI-HRRP,367,,1.0862,18.3,16.8,71,7/1/09,6/30/12
J10846,170023,READM-30-HF-HRRP,525,,0.99,23.2,23.4,121,7/1/09,6/30/12
J10847,170027,READM-30-PN-HRRP,261,,0.9522,18.3,19.2,45,7/1/09,6/30/12
J10848,170039,READM-30-AMI-HRRP,31,,0.9509,20.8,21.9,0,7/1/09,6/30/12
J10849,170040,READM-30-HF-HRRP,243,,1.0367,22.6,21.8,57,7/1/09,6/30/12
J1085,170049,READM-30-PN-HRRP,368,,0.969,15.7,16.2,56,7/1/09,6/30/12
J10850,170058,READM-30-PN-HRRP,380,,0.991,16.2,16.3,61,7/1/09,6/30/12
J10851,170068,READM-30-AMI-HRRP,245,,0.9596,17.1,17.8,40,7/1/09,6/30/12
J10852,17006,READM-30-HF-HRRP,426,,0.8709,20.1,23.1,78,7/1/09,6/30/12
J10853,170074,READM-30-PN-HRRP,306,,0.8117,13.2,16.2,29,7/1/09,6/30/12
J10854,170075,READM-30-AMI-HRRP,294,,0.9575,16.3,17.1,46,7/1/09,6/30/12
J10855,170086,READM-30-HF-HRRP,626,,1.0616,24.1,22.7,154,7/1/09,6/30/12
J10856,17008,READM-30-PN-HRRP,341,,1.0695,18.5,17.3,67,7/1/09,6/30/12
J10857,170094,READM-30-AMI-HRRP,50,,0.9627,15.5,16.1,0,7/1/09,6/30/12
J10858,170103,READM-30-HF-HRRP,115,,0.9966,20.2,20.2,23,7/1/09,6/30/12
J10859,170104,READM-30-PN-HRRP,120,,0.9639,15.9,16.5,17,7/1/09,6/30/12
J1086,170105,READM-30-AMI-HRRP,0,1,0,0,0,0,7/1/09,6/30/12
J10860,170109,READM-30-AMI-HRRP,115,,0.9827,16.3,16.6,18,7/1/09,6/30/12
J10861,170110,READM-30-HF-HRRP,352,,1.0462,23.2,22.1,84,7/1/09,6/30/12
J10862,170120,READM-30-PN-HRRP,214,,0.999,15.9,15.9,34,7/1/09,6/30/12
J10863,170122,READM-30-AMI-HRRP,0,7,0,0,0,0,7/1/09,6/30/12
J10864,170123,READM-30-HF-HRRP,0,1,0,0,0,0,7/1/09,6/30/12
J10865,170133,READM-30-PN-HRRP,34,,0.9584,12.4,13,0,7/1/09,6/30/12
J10866,170137,READM-30-AMI-HRRP,50,,1.03,21.1,20.5,12,7/1/09,6/30/12
J10867,170142,READM-30-HF-HRRP,332,,0.9943,21.5,21.6,71,7/1/09,6/30/12
J10868,170145,READM-30-PN-HRRP,297,,1.0786,18.4,17.1,59,7/1/09,6/30/12
J10869,170146,READM-30-AMI-HRRP,55,,0.9438,17.7,18.7,0,7/1/09,6/30/12
J1087,170150,READM-30-HF-HRRP,248,,0.9453,21.8,23.1,51,7/1/09,6/30/12
J10870,170166,READM-30-HF-HRRP,266,,0.9852,21.7,22.1,57,7/1/09,6/30/12
J10871,170175,READM-30-PN-HRRP,289,,1.0171,17.3,17,51,7/1/09,6/30/12
J10872,170176,READM-30-AMI-HRRP,0,1,0,0,0,0,7/1/09,6/30/12
J10873,170182,READM-30-HF-HRRP,0,1,0,0,0,0,7/1/09,6/30/12
J10874,170183,READM-30-PN-HRRP,0,1,0,0,0,0,7/1/09,6/30/12
J10875,170185,READM-30-AMI-HRRP,376,,1.0039,19.1,19,72,7/1/09,6/30/12
J10876,170186,READM-30-HF-HRRP,392,,1.1161,27.2,24.4,113,7/1/09,6/30/12
J10877,170187,READM-30-PN-HRRP,364,,1.1329,24,21.2,95,7/1/09,6/30/12
J10878,170188,READM-30-AMI-HRRP,0,1,0,0,0,0,7/1/09,6/30/12
J10879,170190,READM-30-HF-HRRP,209,,0.9997,23.5,23.5,49,7/1/09,6/30/12
J1088,170191,READM-30-PN-HRRP,331,,0.9377,16.5,17.6,51,7/1/09,6/30/12
J10880,170194,READM-30-PN-HRRP,480,,1.0677,19.4,18.2,97,7/1/09,6/30/12
J10881,170196,READM-30-AMI-HRRP,290,,0.9931,18.7,18.9,54,7/1/09,6/30/12
J10882,170197,READM-30-HF-HRRP,509,,1.0442,25.1,24,130,7/1/09,6/30/12
J10883,170198,READM-30-PN-HRRP,687,,1.002,17.3,17.3,119,7/1/09,6/30/12
J10884,170199,READM-30-AMI-HRRP,610,,1.0049,17,16.9,104,7/1/09,6/30/12
J10885,170200,READM-30-HF-HRRP,810,,0.9014,21.1,23.4,165,7/1/09,6/30/12
J10886,170203,READM-30-PN-HRRP,760,,1.0095,18.1,17.9,138,7/1/09,6/30/12
J10887,171300,READM-30-AMI-HRRP,121,,0.9418,17.2,18.3,18,7/1/09,6/30/12
J10888,171301,READM-30-HF-HRRP,310,,1.033,23,22.2,73,7/1/09,6/30/12
J10889,171302,READM-30-PN-HRRP,337,,0.9855,16.9,17.1,56,7/1/09,6/30/12
J1089,171304,READM-30-AMI-HRRP,310,,0.9275,14,15.1,40,7/1/09,6/30/12
J10890,171306,READM-30-AMI-HRRP,25,,1.0181,20.5,20.2,0,7/1/09,6/30/12
J10891,171307,READM-30-HF-HRRP,162,,1.0519,24.2,23,42,7/1/09,6/30/12
J10892,171308,READM-30-PN-HRRP,219,,1.0235,18.1,17.7,41,7/1/09,6/30/12
J10893,171310,READM-30-AMI-HRRP,45,,1.0302,21.2,20.6,11,7/1/09,6/30/12
J10894,171312,READM-30-HF-HRRP,170,,0.9517,21.6,22.7,34,7/1/09,6/30/12
J10895,171313,READM-30-PN-HRRP,157,,1.0264,17.5,17.1,29,7/1/09,6/30/12
J10896,171314,READM-30-AMI-HRRP,1213,,1.0641,19.2,18.1,236,7/1/09,6/30/12
J10897,171315,READM-30-HF-HRRP,1100,,0.9195,22.3,24.3,241,7/1/09,6/30/12
J10898,171316,READM-30-PN-HRRP,912,,1.0868,21,19.3,196,7/1/09,6/30/12
J10899,171317,READM-30-AMI-HRRP,56,,1.0273,17.4,16.9,11,7/1/09,6/30/12
J1090,171318,READM-30-HF-HRRP,652,,0.8248,17.7,21.4,105,7/1/09,6/30/12
J10900,171319,READM-30-HF-HRRP,297,,1.0626,24.8,23.3,77,7/1/09,6/30/12
J10901,171320,READM-30-PN-HRRP,448,,0.9725,17.8,18.3,78,7/1/09,6/30/12
J10902,171321,READM-30-AMI-HRRP,375,,1.0047,16.2,16.1,61,7/1/09,6/30/12
J10903,171322,READM-30-HF-HRRP,439,,1.0274,22.2,21.6,99,7/1/09,6/30/12
J10904,171323,READM-30-PN-HRRP,214,,1.0304,17.4,16.9,39,7/1/09,6/30/12
J10905,171324,READM-30-AMI-HRRP,125,,0.9618,19.1,19.9,22,7/1/09,6/30/12
J10906,171325,READM-30-HF-HRRP,396,,0.9945,23.8,23.9,94,7/1/09,6/30/12
J10907,171327,READM-30-PN-HRRP,527,,0.9506,18,18.9,92,7/1/09,6/30/12
J10908,171328,READM-30-AMI-HRRP,52,,0.909,18.3,20.1,0,7/1/09,6/30/12
